rotation,pc,gene,loading,tail
raw,1,ARHGAP15,0.04374043105306047,top
raw,1,DRAP1,0.04586714256247796,top
raw,1,IRF9,0.04600411976255539,top
raw,1,OS9,0.045357436461304204,top
raw,1,MX1,0.04432977920553732,top
raw,1,ADA2,0.05199240220737775,top
raw,1,C4orf3,0.04394973612416051,top
raw,1,SH3BGRL,0.05151291473658486,top
raw,1,MYL12A,0.045571846444604616,top
raw,1,CD96,0.04395480090100463,top
raw,1,EPSTI1,0.04535678689257435,top
raw,1,GRN,0.04349688153926109,top
raw,1,IFI6,0.046164042416442154,top
raw,1,OAS3,0.04440686496197418,top
raw,1,SLFN5,0.049943250422208256,top
raw,1,XAF1,0.048772484025422974,top
raw,1,LAPTM5,0.04322402550948839,top
raw,1,BIN2,0.04232513205571142,top
raw,1,SAMD9L,0.05093821740524089,top
raw,1,RBL2,0.04363920182008451,top
raw,1,YPEL5,0.04203607889933674,top
raw,1,OPTN,0.052763855602332495,top
raw,1,XRN1,0.04825907598036201,top
raw,1,NUCB1,0.04617842483282004,top
raw,1,ITM2B,0.04929126120466659,top
raw,1,TPP1,0.04210852929724768,top
raw,1,GPSM3,0.04708326223736243,top
raw,1,CTSS,0.04426334011312083,top
raw,1,SELPLG,0.0443615173202306,top
raw,1,HERC6,0.042398683327065305,top
raw,1,IL10RA,0.04249631610071173,top
raw,1,MVP,0.043004555237514154,top
raw,1,TMEM140,0.04203048116726937,top
raw,1,STAT2,0.0451648479498295,top
raw,1,GABARAP,0.04674977920351924,top
raw,1,YPEL3,0.04728957925032628,top
raw,1,WDTC1,0.041828599634844775,top
raw,1,SUN2,0.047141206218715585,top
raw,1,SAMD9,0.046570794962037386,top
raw,1,LNPEP,0.043531764766095875,top
raw,1,BZW2,-0.05002226607017473,bottom
raw,1,EIF4A1,-0.053393538446247155,bottom
raw,1,LYAR,-0.05034940968454147,bottom
raw,1,HSPD1,-0.05718512825066515,bottom
raw,1,FABP5,-0.04733554253181703,bottom
raw,1,HNRNPAB,-0.04633991564316553,bottom
raw,1,SERBP1,-0.053519633021554325,bottom
raw,1,TFAM,-0.0453655552470476,bottom
raw,1,RUVBL1,-0.04898362504830876,bottom
raw,1,CYCS,-0.05531389567702305,bottom
raw,1,DCUN1D5,-0.05439701383170603,bottom
raw,1,TRAP1,-0.05375641796058812,bottom
raw,1,SRM,-0.04911202423859811,bottom
raw,1,TUFM,-0.053694663879102725,bottom
raw,1,NME1,-0.05241566701894635,bottom
raw,1,PA2G4,-0.04882798088444366,bottom
raw,1,TCP1,-0.04855198335674563,bottom
raw,1,EIF5B,-0.04980329911693929,bottom
raw,1,EIF3J,-0.04760254205483339,bottom
raw,1,HSP90AB1,-0.04883321991026426,bottom
raw,1,HSPE1,-0.050703603449579734,bottom
raw,1,RCC1,-0.04646377661113483,bottom
raw,1,TOMM5,-0.046868060287898555,bottom
raw,1,CCT4,-0.05131358761273378,bottom
raw,1,TIMM13,-0.04597715334908279,bottom
raw,1,YBX1,-0.04523477796303725,bottom
raw,1,TOMM22,-0.04734676096392761,bottom
raw,1,SSRP1,-0.04748566193603645,bottom
raw,1,UCK2,-0.04771061100181494,bottom
raw,1,IMP4,-0.0458122272193499,bottom
raw,1,DKC1,-0.0492515336075258,bottom
raw,1,NOLC1,-0.04667979041082073,bottom
raw,1,CCDC59,-0.045486994728171234,bottom
raw,1,CTPS1,-0.04572058926810136,bottom
raw,1,CCT6A,-0.04950492343929738,bottom
raw,1,IFRD2,-0.048191034139619185,bottom
raw,1,NUDC,-0.047003744789633685,bottom
raw,1,TOMM40,-0.04755524188797312,bottom
raw,1,TIMM23,-0.04711951078212647,bottom
raw,1,C1QBP,-0.0504072041684013,bottom
raw,2,TCN2,0.062336037739002495,top
raw,2,CREG1,0.07418507048778569,top
raw,2,CLU,0.05024172578039504,top
raw,2,RFX5,0.05398022231206085,top
raw,2,HHLA2,0.05362166733841039,top
raw,2,TADA3,0.05287385015650476,top
raw,2,RHOC,0.047866706131698224,top
raw,2,DPYSL2,0.0509966227607237,top
raw,2,BCAP29,0.048506994561217216,top
raw,2,BST2,0.06177176840013092,top
raw,2,HMGN3,0.056267209477770606,top
raw,2,TPM4,0.06098796462501693,top
raw,2,SCARB2,0.048573155468706275,top
raw,2,TWSG1,0.05610240563781225,top
raw,2,BMAL2,0.0596066981286176,top
raw,2,PCBD1,0.06461825794893745,top
raw,2,ARPC1B,0.05023022164954002,top
raw,2,AGPAT3,0.0489494567093651,top
raw,2,ACTN1,0.053297044831210755,top
raw,2,SRI,0.06076595430729012,top
raw,2,ARPC4,0.04884024812707514,top
raw,2,GPD2,0.05332246850482991,top
raw,2,KIF13B,0.04768378898735477,top
raw,2,MBD2,0.04816429091931868,top
raw,2,CYB5R3,0.05169575581298442,top
raw,2,CORO1C,0.047907912906187254,top
raw,2,REEP3,0.047842560767484096,top
raw,2,NENF,0.05247052276966484,top
raw,2,SGCB,0.05445776482706672,top
raw,2,YWHAE,0.05024993348844602,top
raw,2,SPATS2L,0.04873427581862944,top
raw,2,ARPC1A,0.04844286217904714,top
raw,2,GTF2A2,0.051198142910758956,top
raw,2,TNFRSF8,0.04872718663832811,top
raw,2,ARL3,0.0484298261290192,top
raw,2,CMAS,0.047789165782318316,top
raw,2,FKBP3,0.05416060649728922,top
raw,2,C9orf64,0.04968692154843914,top
raw,2,PLOD1,0.05021793971023773,top
raw,2,GGH,0.04845553197047215,top
raw,2,CD48,-0.04757290704957712,bottom
raw,2,ETS1,-0.06088417913801611,bottom
raw,2,CISH,-0.051904040594000306,bottom
raw,2,IL16,-0.0449615527533292,bottom
raw,2,GIMAP7,-0.05973515989422313,bottom
raw,2,CD44,-0.04612943059075409,bottom
raw,2,CLEC2D,-0.04040084053195667,bottom
raw,2,RCAN3,-0.05731473248535356,bottom
raw,2,PTGER2,-0.04313448154315778,bottom
raw,2,C18orf25,-0.03796019624982152,bottom
raw,2,ZFP36L2,-0.055743864644911705,bottom
raw,2,DGKA,-0.05014785267624408,bottom
raw,2,CD27,-0.04932636000666224,bottom
raw,2,CD52,-0.038698185789663324,bottom
raw,2,IER2,-0.044482332727821955,bottom
raw,2,UPP1,-0.049234792655390255,bottom
raw,2,GIMAP4,-0.050833385903668954,bottom
raw,2,MAP3K1,-0.05892893594877792,bottom
raw,2,PDK1,-0.03865499316113866,bottom
raw,2,IKZF1,-0.05298231439999054,bottom
raw,2,ARL4C,-0.040983180270224795,bottom
raw,2,RASA3,-0.04279917094069736,bottom
raw,2,GIMAP2,-0.04441382058040464,bottom
raw,2,TNFSF8,-0.059032960554551324,bottom
raw,2,UBE2F,-0.052520209410370056,bottom
raw,2,SATB1,-0.04541201829524926,bottom
raw,2,RNF149,-0.03906319044533895,bottom
raw,2,NOP53,-0.03896893746226339,bottom
raw,2,EEIG1,-0.0404659472222674,bottom
raw,2,LEPROTL1,-0.03959146275173405,bottom
raw,2,PLCG1,-0.052084028036892153,bottom
raw,2,PAG1,-0.04280023393439763,bottom
raw,2,LRATD2,-0.044022939608457615,bottom
raw,2,GIMAP5,-0.04903138765516983,bottom
raw,2,BCL2,-0.04152903717985578,bottom
raw,2,ITK,-0.04604178658281128,bottom
raw,2,EPB41,-0.04138444927373007,bottom
raw,2,DYRK2,-0.04286498692753534,bottom
raw,2,VSIR,-0.039444099482551266,bottom
raw,2,PCED1B,-0.052746086729581414,bottom
raw,3,PSMB9,0.05942418428799579,top
raw,3,TMEM123,0.04802815492147794,top
raw,3,IFI30,0.04904748654314358,top
raw,3,PSME1,0.06756364009773094,top
raw,3,MIEN1,0.043570822407877595,top
raw,3,PSMB8,0.052889340150795584,top
raw,3,NLRC5,0.06112782512138547,top
raw,3,ARL2,0.0658699382861023,top
raw,3,FLOT2,0.046889668898782585,top
raw,3,TRIM14,0.03992821248307334,top
raw,3,NME2,0.041454831904212924,top
raw,3,ISG20,0.041380946247188556,top
raw,3,LY75,0.05926828751029927,top
raw,3,DEAF1,0.05296717991102971,top
raw,3,HAPLN3,0.05580525097730901,top
raw,3,BTBD2,0.049404256400813314,top
raw,3,CD47,0.04270969874561465,top
raw,3,TAPBP,0.04035912687847024,top
raw,3,DTX3L,0.050110893789479756,top
raw,3,TAP2,0.04032540692134614,top
raw,3,FAM234A,0.04239882957400928,top
raw,3,GBP1,0.046418642455016056,top
raw,3,UBE2L6,0.05678313440898572,top
raw,3,RRAGC,0.041469323770577694,top
raw,3,SYNE2,0.04513476802494509,top
raw,3,PARP9,0.04470870014051743,top
raw,3,UXT,0.04090380688367102,top
raw,3,PSMB10,0.04180394351402937,top
raw,3,ICAM2,0.04755143321061608,top
raw,3,STAT1,0.04216889864862316,top
raw,3,FKBP5,0.04637709972605293,top
raw,3,STAT6,0.0411989299202178,top
raw,3,IFT57,0.04034098066628112,top
raw,3,CYFIP2,0.04069382055094092,top
raw,3,PARP12,0.048288453743612895,top
raw,3,ADAR,0.045851506044095346,top
raw,3,PAFAH1B3,0.047774859538766735,top
raw,3,SUSD3,0.043843703899933015,top
raw,3,GNB5,0.042185563085614636,top
raw,3,DOCK9,0.05067340748575039,top
raw,3,CD2,-0.08360765046018127,bottom
raw,3,ZBTB32,-0.06149487940929702,bottom
raw,3,DUSP4,-0.07200488937737419,bottom
raw,3,BHLHE40,-0.049727233494074236,bottom
raw,3,SRGN,-0.07130312851190881,bottom
raw,3,SLC1A5,-0.051567499762683024,bottom
raw,3,SMOX,-0.08187798529623665,bottom
raw,3,HDAC7,-0.04915567434895561,bottom
raw,3,CKLF,-0.050958810379026644,bottom
raw,3,MTX3,-0.057628833675956864,bottom
raw,3,OGT,-0.049903940007255856,bottom
raw,3,PTPN7,-0.06907483425227917,bottom
raw,3,PHLDA1,-0.08225382024302336,bottom
raw,3,JUND,-0.053242783809592846,bottom
raw,3,VASP,-0.04970241027625487,bottom
raw,3,TMEM39A,-0.051670863490326326,bottom
raw,3,CCL3,-0.058490454909902935,bottom
raw,3,ZBED2,-0.053451679607052334,bottom
raw,3,GRAMD1B,-0.056699160715855394,bottom
raw,3,NFATC3,-0.05628533442149019,bottom
raw,3,CTLA4,-0.05048840878543982,bottom
raw,3,CCL4,-0.06033213137522142,bottom
raw,3,EMP1,-0.049384214920180226,bottom
raw,3,NAMPT,-0.04962048191826377,bottom
raw,3,PICALM,-0.049787589110389115,bottom
raw,3,GPAT3,-0.058903417802794976,bottom
raw,3,PRSS23,-0.06498642716818487,bottom
raw,3,EED,-0.05008440454532707,bottom
raw,3,MAP2K3,-0.05847413761811338,bottom
raw,3,CDK6,-0.05111540303743927,bottom
raw,3,CRIM1,-0.054726144890720516,bottom
raw,3,FAM107B,-0.049078343389514556,bottom
raw,3,FAM3C,-0.05972425571856718,bottom
raw,3,WDR26,-0.04896231523533221,bottom
raw,3,SLAMF1,-0.050723525792952175,bottom
raw,3,CD40LG,-0.053000674059079704,bottom
raw,3,IL2RB,-0.05846353637534896,bottom
raw,3,BTG2,-0.05252564589375436,bottom
raw,3,SNX9,-0.05044881465643185,bottom
raw,3,FASLG,-0.06333768996658845,bottom
raw,4,UFM1,0.049794044270308244,top
raw,4,RAB21,0.0428878840682812,top
raw,4,CHIC2,0.05126600678943183,top
raw,4,CD109,0.04691587233698826,top
raw,4,ABCC1,0.041751435487791935,top
raw,4,ZMYM2,0.04115473359128796,top
raw,4,STAU1,0.043783473719471624,top
raw,4,EBI3,0.041451526505792056,top
raw,4,WDFY1,0.05818442076311945,top
raw,4,TM2D3,0.04671112825971592,top
raw,4,SUMF2,0.044410890504519664,top
raw,4,TET2,0.04182592254278694,top
raw,4,YPEL5,0.04615887996639809,top
raw,4,FAM234A,0.04216940014976737,top
raw,4,NFE2L1,0.052460441991987745,top
raw,4,FBXW4,0.040440393743886596,top
raw,4,TNFRSF10B,0.048774823688703194,top
raw,4,POU2AF1,0.04060388154034874,top
raw,4,CHSY1,0.04051395866211288,top
raw,4,GALNT2,0.045486269286519866,top
raw,4,ECE1,0.05283422517765211,top
raw,4,NCKAP1,0.04865107548829549,top
raw,4,CD226,0.04088760235218453,top
raw,4,DYNLT3,0.05671821578747989,top
raw,4,FAM241A,0.04757813836214256,top
raw,4,RYBP,0.04485594485887764,top
raw,4,STAT3,0.04398675591704597,top
raw,4,JMY,0.054479264809563645,top
raw,4,POMGNT1,0.0420545478240642,top
raw,4,CIRBP,0.04512283642573812,top
raw,4,POLI,0.04425529713406251,top
raw,4,LY9,0.04143603497677772,top
raw,4,KLHL2,0.043045327842098774,top
raw,4,MDM4,0.04781924027911925,top
raw,4,BCL2L1,0.04630820784553704,top
raw,4,ZFAND3,0.05222723722210337,top
raw,4,TBCEL,0.05443723581423901,top
raw,4,FYN,0.0536079801762913,top
raw,4,ACBD6,0.04211221370795657,top
raw,4,STAT5A,0.050410147459414904,top
raw,4,ARHGAP30,-0.05772223045213447,bottom
raw,4,CSK,-0.05653207820179955,bottom
raw,4,SASH3,-0.059543269336848864,bottom
raw,4,CALM1,-0.053100834838672506,bottom
raw,4,LCP1,-0.05898398157154547,bottom
raw,4,ETS1,-0.054192615646777645,bottom
raw,4,CORO1A,-0.10387029286760198,bottom
raw,4,FADS2,-0.06173013121335403,bottom
raw,4,OSTF1,-0.05287933450439162,bottom
raw,4,TPM4,-0.05029021872230096,bottom
raw,4,TPGS2,-0.05116705898327872,bottom
raw,4,ACTG1,-0.08503613711984241,bottom
raw,4,LIMD2,-0.05077821961567026,bottom
raw,4,CALR,-0.054024946336671625,bottom
raw,4,SUMO3,-0.0506799121002301,bottom
raw,4,KIF21B,-0.056915210639291475,bottom
raw,4,LCK,-0.054225445821682344,bottom
raw,4,DBI,-0.053301530614935526,bottom
raw,4,PFN1,-0.06944239791442633,bottom
raw,4,PYCARD,-0.05447977692767805,bottom
raw,4,CFL1,-0.07649612840788936,bottom
raw,4,SPN,-0.05815881806676608,bottom
raw,4,DDX39A,-0.061412031733183665,bottom
raw,4,NHERF1,-0.08079342035894162,bottom
raw,4,ADAM19,-0.05192902115894994,bottom
raw,4,DHCR24,-0.05193444962853869,bottom
raw,4,CNN2,-0.062218240877144046,bottom
raw,4,EBP,-0.0784413605009516,bottom
raw,4,ATP2A3,-0.08252772680708072,bottom
raw,4,ARHGDIB,-0.07695807369318751,bottom
raw,4,GRK2,-0.05937612127171132,bottom
raw,4,C12orf75,-0.06441923894701686,bottom
raw,4,RASSF2,-0.05925730526524606,bottom
raw,4,MYO1F,-0.0631412988201026,bottom
raw,4,TRPV2,-0.05718165852640163,bottom
raw,4,PNP,-0.050686415493098394,bottom
raw,4,SH3BP1,-0.05640441353719937,bottom
raw,4,CDC25B,-0.05163828030086966,bottom
raw,4,TUBA4A,-0.0673449199237017,bottom
raw,4,YWHAZ,-0.05945665888132549,bottom
raw,5,SSR3,0.1078461596017726,top
raw,5,TRAM1,0.12330885791024875,top
raw,5,DNAJB11,0.06698069892771819,top
raw,5,MANF,0.09155980297935881,top
raw,5,SEC61A1,0.10097977938185669,top
raw,5,HYOU1,0.09404618374395687,top
raw,5,FKBP11,0.08050019146986803,top
raw,5,SRPRB,0.08237387048073282,top
raw,5,XBP1,0.06631636156652267,top
raw,5,STT3A,0.09181132485040612,top
raw,5,DNAJC3,0.09833105703341227,top
raw,5,PPIB,0.10921407610520042,top
raw,5,MYDGF,0.10010723448598574,top
raw,5,SSR2,0.09011959682415803,top
raw,5,HSPA5,0.0849083738482847,top
raw,5,HSP90B1,0.07673667136610576,top
raw,5,PDIA3,0.08751496485917495,top
raw,5,SEC61B,0.07078409844473349,top
raw,5,DNAJB9,0.0724933335117728,top
raw,5,LMAN1,0.07980310302784874,top
raw,5,SND1,0.06694507326796777,top
raw,5,OSTC,0.09777929723146886,top
raw,5,SELENOS,0.07781503527136646,top
raw,5,SELENOK,0.0713414990176556,top
raw,5,GMPPB,0.07333081624340601,top
raw,5,CANX,0.07281186448974483,top
raw,5,HM13,0.07722256017815507,top
raw,5,TMEM39A,0.08204823407195057,top
raw,5,ERLEC1,0.07844927188624784,top
raw,5,COPG1,0.0881345896467361,top
raw,5,SPCS3,0.07768825854859171,top
raw,5,SLC35B1,0.06816808059900537,top
raw,5,WARS1,0.07226446588849748,top
raw,5,PLPP5,0.06751600973199309,top
raw,5,CDK2AP2,0.07102138936248943,top
raw,5,SEC24D,0.08485536216118185,top
raw,5,SSR1,0.07563904286611757,top
raw,5,HSPA13,0.08987289605828852,top
raw,5,TMED5,0.07079967374837368,top
raw,5,TMED10,0.06862912881197768,top
raw,5,ASXL1,-0.046614283757435884,bottom
raw,5,ITGB2,-0.04166835044654789,bottom
raw,5,HDAC7,-0.04859979166632047,bottom
raw,5,RAP1A,-0.039020861885683,bottom
raw,5,VASP,-0.040062820545064035,bottom
raw,5,AKNA,-0.035021018350837346,bottom
raw,5,TNIP2,-0.043788737696084115,bottom
raw,5,FMNL1,-0.03522848082517454,bottom
raw,5,EFHD2,-0.034023846034870055,bottom
raw,5,SAMD1,-0.04380160434643054,bottom
raw,5,PKM,-0.044409448196267375,bottom
raw,5,PHLDA3,-0.035195271470579326,bottom
raw,5,BCL2L11,-0.03464589562530496,bottom
raw,5,EHMT2,-0.03718004817670004,bottom
raw,5,ANXA6,-0.042890955853859256,bottom
raw,5,ANXA11,-0.03373359949055883,bottom
raw,5,PIK3CD,-0.03754840818384225,bottom
raw,5,CHSY1,-0.03619114427660418,bottom
raw,5,MICAL2,-0.05530747063005435,bottom
raw,5,MVB12B,-0.03752190443978727,bottom
raw,5,SLC29A1,-0.03405056504494621,bottom
raw,5,PPP1R9B,-0.03534613530776632,bottom
raw,5,GRK2,-0.03437860749847757,bottom
raw,5,VDR,-0.04746500239884925,bottom
raw,5,HIVEP3,-0.045637974596357635,bottom
raw,5,BCOR,-0.03892545525156293,bottom
raw,5,IL21R,-0.03710291742679492,bottom
raw,5,RFTN1,-0.034856539923027514,bottom
raw,5,SH3BP1,-0.044248643720111135,bottom
raw,5,PPP1R16B,-0.04725157866746925,bottom
raw,5,IFFO2,-0.03812758127423304,bottom
raw,5,CCND3,-0.03514930738874997,bottom
raw,5,BCL2L1,-0.037379267102533316,bottom
raw,5,DUSP5,-0.03565271520768098,bottom
raw,5,CCM2,-0.03383265994492148,bottom
raw,5,ZNRF1,-0.03638813328702973,bottom
raw,5,TTYH3,-0.03725049634057164,bottom
raw,5,HOPX,-0.04667252407936797,bottom
raw,5,SETBP1,-0.047434215497241174,bottom
raw,5,MAST3,-0.03452892752565422,bottom
raw,6,EMC7,0.05039249872295719,top
raw,6,NDUFV2,0.057095705410282756,top
raw,6,ZBTB32,0.052859066159882964,top
raw,6,CD28,0.06600313183681991,top
raw,6,CD74,0.052369348601434176,top
raw,6,GPR15,0.05094184354083337,top
raw,6,NPC2,0.05058116183940436,top
raw,6,OSTF1,0.06725843725203937,top
raw,6,B4GALT5,0.05710734683286687,top
raw,6,LPXN,0.050221755257951986,top
raw,6,ARL4C,0.05067153592208659,top
raw,6,MTX3,0.054650876789582956,top
raw,6,CITED2,0.06859915808560424,top
raw,6,CTSC,0.0682935581464564,top
raw,6,KAT2B,0.050110340745085254,top
raw,6,TET2,0.04799807495061986,top
raw,6,RNF149,0.061106075028708545,top
raw,6,ZFYVE28,0.05706660317201945,top
raw,6,STX11,0.04812930465347506,top
raw,6,ANTXR2,0.05335449113811983,top
raw,6,ARPC5L,0.04830119176693448,top
raw,6,TNFRSF11A,0.05419703401441189,top
raw,6,S1PR1,0.05811790493360856,top
raw,6,SLC26A4,0.05916731100868994,top
raw,6,NMRK1,0.05175696903800682,top
raw,6,SLC35F3,0.050387933578976155,top
raw,6,IKZF3,0.049786289307834616,top
raw,6,GFUS,0.05746798419014392,top
raw,6,STING1,0.0542410618058265,top
raw,6,GPRIN3,0.05415838177078135,top
raw,6,LINC02694,0.04976825397053777,top
raw,6,ZC2HC1A,0.04927573740110851,top
raw,6,CYTH1,0.04917070274154263,top
raw,6,TNFRSF1B,0.0672368450784742,top
raw,6,IQGAP2,0.060711750461113254,top
raw,6,KLF3,0.055949306416648525,top
raw,6,CEMIP2,0.06484278154490775,top
raw,6,DESI1,0.04926667257916495,top
raw,6,EHD4,0.05260838357507408,top
raw,6,RIOX2,0.053102331881945186,top
raw,6,CBX5,-0.06361452439767752,bottom
raw,6,BNIP3L,-0.05062897874426563,bottom
raw,6,NUCB2,-0.0574605921999299,bottom
raw,6,DDX17,-0.05234281949082302,bottom
raw,6,ETFB,-0.059689991139871425,bottom
raw,6,MIF,-0.05719349349419676,bottom
raw,6,IL16,-0.05610351618401846,bottom
raw,6,ZNF680,-0.04806587445831974,bottom
raw,6,PATJ,-0.052467072670997844,bottom
raw,6,RNF144A,-0.05508972881202987,bottom
raw,6,SND1,-0.04867348925112947,bottom
raw,6,HSPB1,-0.05884593815521707,bottom
raw,6,AACS,-0.06468347815365241,bottom
raw,6,AHI1,-0.05843479207079657,bottom
raw,6,NUCKS1,-0.052317600330457785,bottom
raw,6,CAPG,-0.06169837697655847,bottom
raw,6,PRKACA,-0.04962821228681348,bottom
raw,6,C12orf57,-0.06524118064187721,bottom
raw,6,UXT,-0.056942122046848405,bottom
raw,6,PDE7A,-0.0470226347111857,bottom
raw,6,VEGFB,-0.059403856890231026,bottom
raw,6,ARRB1,-0.048612976788289845,bottom
raw,6,LSP1,-0.052094167631368385,bottom
raw,6,PGM1,-0.04931934476107427,bottom
raw,6,AOAH,-0.050215545393964355,bottom
raw,6,CALM3,-0.04983083465664542,bottom
raw,6,MATK,-0.04869358601750988,bottom
raw,6,ZMYM3,-0.04789702197099831,bottom
raw,6,ABTB3,-0.05636509148788085,bottom
raw,6,ACTR1B,-0.04672186018720246,bottom
raw,6,ST3GAL3,-0.04696608799576699,bottom
raw,6,ESD,-0.05065154389419111,bottom
raw,6,TRAPPC6A,-0.04942784124526561,bottom
raw,6,RGS3,-0.05372267193089713,bottom
raw,6,NBL1,-0.05120751039469939,bottom
raw,6,RIN3,-0.04657704629953547,bottom
raw,6,TTYH3,-0.04927116678939853,bottom
raw,6,DHRS3,-0.051680299965223664,bottom
raw,6,DNMT3A,-0.048613567242020386,bottom
raw,6,PM20D2,-0.048209853366282765,bottom
raw,7,TAP1,0.04943758760170093,top
raw,7,UBE3C,0.04951255928527831,top
raw,7,IFI44L,0.0464567085842008,top
raw,7,APOL1,0.05127966203783941,top
raw,7,JAK2,0.053384149000461026,top
raw,7,GATA3,0.050011920020661155,top
raw,7,PDIA3,0.05363610759283953,top
raw,7,SEC61B,0.047147759434445775,top
raw,7,IFI6,0.044496598789869404,top
raw,7,SLC38A10,0.04519215409469874,top
raw,7,SAMD3,0.047841891519870304,top
raw,7,LY6E,0.05212860355196958,top
raw,7,HCST,0.04768523734287199,top
raw,7,TAPBP,0.04868164164871879,top
raw,7,DTX3L,0.05086193540803168,top
raw,7,ANXA1,0.04544209001666796,top
raw,7,MLKL,0.04583128427773638,top
raw,7,GSE1,0.047141453535728094,top
raw,7,TAP2,0.04584303379229343,top
raw,7,GLIPR2,0.0512966871616294,top
raw,7,USP18,0.04830050209269279,top
raw,7,TNFSF10,0.059862508204039676,top
raw,7,EFHD2,0.045665677515146226,top
raw,7,UBE2L6,0.0441068266551561,top
raw,7,MGAT2,0.04472659258147721,top
raw,7,CD59,0.057218669781385324,top
raw,7,MLLT6,0.04515878355270547,top
raw,7,DOK2,0.04877676120863793,top
raw,7,CD151,0.044773594596238815,top
raw,7,ADAM19,0.04631093589025594,top
raw,7,TXNDC15,0.05436442956935271,top
raw,7,MBOAT7,0.06084592477263322,top
raw,7,TEX30,0.04590757180214825,top
raw,7,M6PR,0.05843097147930983,top
raw,7,CD40LG,0.054378021695766,top
raw,7,MAPKAPK2,0.04792691242830907,top
raw,7,NACC1,0.054554563288431696,top
raw,7,IL18RAP,0.047615477274985225,top
raw,7,LRPAP1,0.0508427216887012,top
raw,7,C15orf39,0.04855022962288701,top
raw,7,TP53,-0.053416862193729424,bottom
raw,7,ATF4,-0.060179269673611986,bottom
raw,7,EIF1,-0.0661425871696986,bottom
raw,7,SMAP2,-0.07574933009037974,bottom
raw,7,BNIP3L,-0.06572586876349161,bottom
raw,7,EGLN1,-0.05761993045298962,bottom
raw,7,FTL,-0.07798501006829858,bottom
raw,7,SNHG32,-0.05667664108624434,bottom
raw,7,EEF1G,-0.06541492479780112,bottom
raw,7,CYTIP,-0.052548185608276926,bottom
raw,7,FTH1,-0.08327888766814327,bottom
raw,7,HMGB2,-0.050447958357870415,bottom
raw,7,VEGFA,-0.04912226760231468,bottom
raw,7,MAP1LC3B,-0.055812680109974894,bottom
raw,7,DDIT4,-0.07117918770228675,bottom
raw,7,CHD2,-0.06991985416979105,bottom
raw,7,HERPUD1,-0.05918485110393248,bottom
raw,7,EEF1B2,-0.055238752454875785,bottom
raw,7,OAZ1,-0.04937284911907699,bottom
raw,7,FAM162A,-0.05292804777510058,bottom
raw,7,PHGDH,-0.07312223797350854,bottom
raw,7,ARID5A,-0.05010111659229538,bottom
raw,7,SLC7A11,-0.0603115824913183,bottom
raw,7,CCNG1,-0.06787149724632593,bottom
raw,7,PNRC1,-0.053908045757690363,bottom
raw,7,BBC3,-0.048872268145975964,bottom
raw,7,TWF2,-0.04960421465580705,bottom
raw,7,HBP1,-0.05426478937270627,bottom
raw,7,RFFL,-0.05138419869888069,bottom
raw,7,EIF3L,-0.05161792885950829,bottom
raw,7,JMY,-0.058705667443243355,bottom
raw,7,EIF4EBP1,-0.05551354476204455,bottom
raw,7,PFKFB4,-0.05076574529798436,bottom
raw,7,DDIT3,-0.05804991556583637,bottom
raw,7,ARRDC3,-0.05272904474730441,bottom
raw,7,CASP8,-0.05011710761726025,bottom
raw,7,WSB1,-0.05117813393905679,bottom
raw,7,EIF2D,-0.050009314202701764,bottom
raw,7,CLK1,-0.06317624235298955,bottom
raw,7,HBS1L,-0.0521294583311586,bottom
raw,8,ITGAL,0.052068947104517954,top
raw,8,TBC1D9B,0.060851807167626226,top
raw,8,LPAR6,0.047952850016553125,top
raw,8,CHD3,0.049895238322624005,top
raw,8,GATA3,0.05874324079859331,top
raw,8,IL2RA,0.053304005185841274,top
raw,8,RCBTB2,0.05846081841939639,top
raw,8,RNF144A,0.0624989070748098,top
raw,8,MFNG,0.05174971601652338,top
raw,8,SLC1A4,0.06118020928510321,top
raw,8,LPXN,0.07553116647314406,top
raw,8,SOS1,0.08169941095591483,top
raw,8,INPP4A,0.06535559683044198,top
raw,8,MRC2,0.0584882712932708,top
raw,8,MIB1,0.05085854533399176,top
raw,8,CPOX,0.05230403260110874,top
raw,8,APOBR,0.04922464779763042,top
raw,8,MAPK6,0.047820422004011646,top
raw,8,SPIN1,0.05914947473068828,top
raw,8,CTLA4,0.059794607409894326,top
raw,8,ITGA4,0.05059310617076786,top
raw,8,GPR68,0.049434654276343915,top
raw,8,GPAT3,0.05023849323920645,top
raw,8,ARNT,0.05537552884541486,top
raw,8,RASA1,0.05098634534045523,top
raw,8,DUSP16,0.05710867510927836,top
raw,8,SAMSN1,0.08051212474370624,top
raw,8,FYTTD1,0.057261268256875685,top
raw,8,INPP5F,0.050689340072559486,top
raw,8,GAB2,0.04863230101352763,top
raw,8,ARHGAP9,0.05030026098362,top
raw,8,PHTF2,0.05774571067175342,top
raw,8,AHR,0.06243796539174413,top
raw,8,GLO1,0.05086138886263035,top
raw,8,NT5C3B,0.0653870121304877,top
raw,8,ANKRD12,0.05386511400863357,top
raw,8,RNF24,0.05000473919867567,top
raw,8,CREM,0.06929759261505714,top
raw,8,SKAP1,0.05248660730806524,top
raw,8,NCOA3,0.0520456811671326,top
raw,8,CLU,-0.06678748901901563,bottom
raw,8,IFI30,-0.04984917874134457,bottom
raw,8,TAP1,-0.050231320501507276,bottom
raw,8,SEC61A1,-0.05049318055787173,bottom
raw,8,HYOU1,-0.05387659153182236,bottom
raw,8,STIM1,-0.05981019634356801,bottom
raw,8,CD74,-0.0653544529784437,bottom
raw,8,BTN3A2,-0.052812436683549804,bottom
raw,8,SERP1,-0.058066741828178635,bottom
raw,8,MGST3,-0.06315695325611191,bottom
raw,8,ITGB2,-0.05020705943864686,bottom
raw,8,RRAS2,-0.05148860751965557,bottom
raw,8,SEC13,-0.05188560573986523,bottom
raw,8,BAX,-0.06801802146065632,bottom
raw,8,EMP3,-0.05182319202183815,bottom
raw,8,RAP1A,-0.04994109584246793,bottom
raw,8,TRIM22,-0.04931372777489879,bottom
raw,8,PHLDA3,-0.056620759307019486,bottom
raw,8,FDXR,-0.0666024951974328,bottom
raw,8,CCNG1,-0.05017822229332887,bottom
raw,8,TNFRSF10B,-0.05745305995652634,bottom
raw,8,CARD19,-0.062285380532245915,bottom
raw,8,TOB1,-0.05299340871271746,bottom
raw,8,SLC50A1,-0.07364902344308155,bottom
raw,8,APOBEC3H,-0.054845740497534254,bottom
raw,8,ACSL6,-0.05072282971298936,bottom
raw,8,AEN,-0.06120191050595323,bottom
raw,8,IL21R,-0.08155021730581935,bottom
raw,8,VSIR,-0.06536130545418257,bottom
raw,8,CDKN1A,-0.05319346219837599,bottom
raw,8,IL7R,-0.05128674954813609,bottom
raw,8,IFFO2,-0.04880731761169581,bottom
raw,8,TMEM71,-0.049838615296157664,bottom
raw,8,SLC7A6,-0.04890860843768898,bottom
raw,8,RAB4B,-0.05311352133520608,bottom
raw,8,RHOG,-0.050407654757864476,bottom
raw,8,ZMAT3,-0.05071386256135238,bottom
raw,8,HOPX,-0.05360722959888073,bottom
raw,8,MAP4K4,-0.06788913721578808,bottom
raw,8,GLUL,-0.06360021993837087,bottom
raw,9,MAL,0.04980208807261779,top
raw,9,CISH,0.06351425820819781,top
raw,9,FURIN,0.051464537213854425,top
raw,9,DPYSL2,0.05472272218897255,top
raw,9,SEC11C,0.051455707932746085,top
raw,9,DNPH1,0.06113200995351703,top
raw,9,RBPJ,0.049565879619605,top
raw,9,ADI1,0.05723959842599694,top
raw,9,ZBTB7B,0.0706295620034223,top
raw,9,LAPTM5,0.05811016665666244,top
raw,9,CYFIP1,0.052399250536183814,top
raw,9,IGFLR1,0.050652075766190525,top
raw,9,SYT11,0.05522702837242157,top
raw,9,ELAPOR1,0.06598700472470687,top
raw,9,CMTM6,0.05728430992984627,top
raw,9,IL4I1,0.049893208756726155,top
raw,9,AHI1,0.05535391715248347,top
raw,9,CD4,0.07388379242771533,top
raw,9,FDXR,0.05548840487125095,top
raw,9,PSMB10,0.053164005765370156,top
raw,9,SOCS2,0.059018494592868447,top
raw,9,PTGIR,0.09293909097477288,top
raw,9,SLC35F3,0.05221551037439462,top
raw,9,AKR1A1,0.05432814203997713,top
raw,9,RALB,0.08227675857576792,top
raw,9,TNFRSF4,0.06199107155152774,top
raw,9,AGMAT,0.05984857128808897,top
raw,9,UCP2,0.05929024409218883,top
raw,9,SEPTIN8,0.055011854706857474,top
raw,9,TNFRSF18,0.05482760983219298,top
raw,9,CYTH1,0.04981088049804218,top
raw,9,PHTF2,0.05477186025038456,top
raw,9,ID2,0.05412149918857094,top
raw,9,PDE7B,0.0522914462905384,top
raw,9,GRINA,0.05454640775015828,top
raw,9,TNFRSF14,0.05102013971264844,top
raw,9,KIF3A,0.06988587595220426,top
raw,9,ATOX1,0.051701799071785036,top
raw,9,P4HA2,0.060171520035480416,top
raw,9,AUH,0.06457471799177358,top
raw,9,CLU,-0.07508516489139558,bottom
raw,9,CTSW,-0.0659876015532851,bottom
raw,9,NUCB2,-0.07370929698982752,bottom
raw,9,LRIF1,-0.061551051210723524,bottom
raw,9,BCAP29,-0.0459645269958376,bottom
raw,9,TXNRD1,-0.05051953169718591,bottom
raw,9,CD96,-0.052379055079361005,bottom
raw,9,ERBIN,-0.06971657919343474,bottom
raw,9,EMB,-0.054295777241717386,bottom
raw,9,PRNP,-0.05400720674710147,bottom
raw,9,MAPK1,-0.04491869055579518,bottom
raw,9,PARP8,-0.04617806005365081,bottom
raw,9,TGFBR2,-0.04470981273582117,bottom
raw,9,RAB27A,-0.06581236147914671,bottom
raw,9,ZYX,-0.0498878646046259,bottom
raw,9,PLSCR1,-0.04580506024322648,bottom
raw,9,KIF13B,-0.04875671648337691,bottom
raw,9,USP11,-0.05957078625942576,bottom
raw,9,ARHGAP18,-0.05466894912408022,bottom
raw,9,SLC7A5,-0.04449972472598878,bottom
raw,9,CORO1C,-0.050716579220356287,bottom
raw,9,STK39,-0.05473525677909199,bottom
raw,9,ZNF655,-0.05054477198138831,bottom
raw,9,STOM,-0.05495835615452797,bottom
raw,9,CHSY1,-0.05496680911130052,bottom
raw,9,MVB12B,-0.04476423673102962,bottom
raw,9,GNG10,-0.04495639561390651,bottom
raw,9,STAG1,-0.05307012076304523,bottom
raw,9,NFU1,-0.04717155026526862,bottom
raw,9,PFKFB3,-0.04664737386270675,bottom
raw,9,PITPNC1,-0.06396465122412964,bottom
raw,9,SLAIN1,-0.04687916670170675,bottom
raw,9,HLTF,-0.04778791079178467,bottom
raw,9,IL1RAP,-0.05628038449587603,bottom
raw,9,SELL,-0.045095967156143786,bottom
raw,9,ZNRF1,-0.055566225695066855,bottom
raw,9,SLC16A7,-0.05367643653426406,bottom
raw,9,MOCS2,-0.05358981222954015,bottom
raw,9,JMJD1C,-0.05000653903201719,bottom
raw,9,IL17RA,-0.06784656714177531,bottom
raw,10,PSMB9,0.06906970851889295,top
raw,10,GNG2,0.06223602397801154,top
raw,10,HK2,0.05492136045374367,top
raw,10,ENO1,0.10781703275869861,top
raw,10,PSME1,0.06474716846104953,top
raw,10,SLC16A3,0.06710212975090117,top
raw,10,C17orf49,0.0552713616200242,top
raw,10,HNRNPA3,0.054577074938794906,top
raw,10,MIF,0.07570767986776217,top
raw,10,DPP4,0.07442507425446182,top
raw,10,AK4,0.06442679528515069,top
raw,10,P4HA1,0.06441531410829296,top
raw,10,PFKP,0.05409052451540623,top
raw,10,ADAM8,0.06279881829595066,top
raw,10,UPP1,0.053611575580564175,top
raw,10,VEGFA,0.06774944912483671,top
raw,10,DDIT4,0.05722382615936512,top
raw,10,MAP2K1,0.05850965954050643,top
raw,10,KIF21B,0.053831831821210444,top
raw,10,FAM162A,0.06248256333542668,top
raw,10,GBP1,0.056065901367273845,top
raw,10,PHGDH,0.05590380356358183,top
raw,10,ENO2,0.07240784143179202,top
raw,10,RAC2,0.0537863803899799,top
raw,10,WARS1,0.060169842705912316,top
raw,10,NBN,0.054826623662919974,top
raw,10,PGK1,0.05421139705058333,top
raw,10,CALHM6,0.05799510425397167,top
raw,10,SLC7A1,0.06252972250257133,top
raw,10,APOL6,0.054017435431333846,top
raw,10,PLXNC1,0.05648612911754447,top
raw,10,FOSL2,0.058575389353563954,top
raw,10,NINJ1,0.0625405122019279,top
raw,10,ICAM1,0.058980854256849985,top
raw,10,CBFB,0.06147817481751968,top
raw,10,MTHFD1L,0.0592746643158305,top
raw,10,HIF1A,0.05370703507165958,top
raw,10,MMD,0.06499510580205214,top
raw,10,NDUFB8,0.055834774986261895,top
raw,10,ERO1A,0.05537093423066004,top
raw,10,ERGIC3,-0.04475889218960266,bottom
raw,10,SLC4A7,-0.05903485936401237,bottom
raw,10,SSR2,-0.053959235785279926,bottom
raw,10,GOLM2,-0.0634408111235402,bottom
raw,10,MAP1LC3B,-0.039937799549001465,bottom
raw,10,RABAC1,-0.04936410067625867,bottom
raw,10,CITED2,-0.04228076058112721,bottom
raw,10,RNASEK,-0.03954006434869887,bottom
raw,10,LEPROTL1,-0.048494131324758494,bottom
raw,10,PRMT2,-0.04639934288158603,bottom
raw,10,VAMP8,-0.0401484883949648,bottom
raw,10,OXA1L,-0.041453595740362975,bottom
raw,10,RRAGC,-0.0480997681403432,bottom
raw,10,S1PR1,-0.04139809162437271,bottom
raw,10,PPP2R5C,-0.05410079878896696,bottom
raw,10,ATP2B4,-0.03916728588992724,bottom
raw,10,CNN2,-0.042543008772515455,bottom
raw,10,GABARAP,-0.03944414376507035,bottom
raw,10,ARL6IP5,-0.04116718860059206,bottom
raw,10,MAF1,-0.049919697787986925,bottom
raw,10,AGPAT1,-0.042217303463213784,bottom
raw,10,CFAP36,-0.040124265585810594,bottom
raw,10,SARAF,-0.047935144205859766,bottom
raw,10,UCP2,-0.05460576519132314,bottom
raw,10,RNF11,-0.040245144965566214,bottom
raw,10,ARL3,-0.039850972362799476,bottom
raw,10,CALCOCO1,-0.04945063425618054,bottom
raw,10,COX14,-0.04897341537344946,bottom
raw,10,ARL2BP,-0.03983759979330403,bottom
raw,10,TOMM7,-0.04391595128593266,bottom
raw,10,COMMD9,-0.03999996536196356,bottom
raw,10,FIS1,-0.04262090193700385,bottom
raw,10,HIGD2A,-0.04255052058493535,bottom
raw,10,SEPHS2,-0.04357175558666573,bottom
raw,10,UQCRB,-0.039074924551105936,bottom
raw,10,SNRPN,-0.04112777507971678,bottom
raw,10,EID1,-0.04215673888182437,bottom
raw,10,GIPC1,-0.050535799920628434,bottom
raw,10,TMEM243,-0.055023336493605884,bottom
raw,10,CTSA,-0.04446612456323725,bottom
varimax,1,ERGIC3,0.05002447265912174,top
varimax,1,ARHGAP15,0.04914054639552867,top
varimax,1,BNIP3L,0.05570183469728764,top
varimax,1,OS9,0.048418310389266354,top
varimax,1,SH3BGRL,0.047500239895224505,top
varimax,1,PJA2,0.04586088016398854,top
varimax,1,SSR2,0.04592243361232942,top
varimax,1,SLFN5,0.04672115480948646,top
varimax,1,LAPTM5,0.049718897199643036,top
varimax,1,MAP1LC3B,0.047929231298851606,top
varimax,1,RABAC1,0.04650342531101959,top
varimax,1,CHD2,0.04847724573660294,top
varimax,1,EVI2A,0.04922602317495882,top
varimax,1,YPEL5,0.06496096550840516,top
varimax,1,TPP1,0.04595699558349197,top
varimax,1,GPSM3,0.059483852105970986,top
varimax,1,PRMT2,0.05270032726422487,top
varimax,1,ABCD2,0.05395773876320639,top
varimax,1,EVI2B,0.045963522537719084,top
varimax,1,PPP2R5C,0.04765464206990997,top
varimax,1,PNRC1,0.06489707240151182,top
varimax,1,BBC3,0.047113486436176626,top
varimax,1,ACAP1,0.04935515833188646,top
varimax,1,HBP1,0.06482957690869433,top
varimax,1,GABARAP,0.061537571431441396,top
varimax,1,YPEL3,0.06122106782557012,top
varimax,1,SERINC3,0.05714963430713574,top
varimax,1,SUN2,0.0490623233075427,top
varimax,1,OGA,0.04917976333476148,top
varimax,1,SARAF,0.04780279641420579,top
varimax,1,SPTAN1,0.04650255138965715,top
varimax,1,NBR1,0.05870979945365073,top
varimax,1,CALCOCO1,0.056347350562724705,top
varimax,1,CASP8,0.04943781891806989,top
varimax,1,RSRP1,0.04803125773298689,top
varimax,1,CLK1,0.04693119046609799,top
varimax,1,FBXO32,0.05171526844645935,top
varimax,1,PCMTD1,0.05055817633366986,top
varimax,1,UQCRB,0.05003304843672119,top
varimax,1,CREBRF,0.057600693811273834,top
varimax,1,AHSA1,-0.0491007241951335,bottom
varimax,1,EIF4A1,-0.0546295339997049,bottom
varimax,1,SLC38A5,-0.056636563935670084,bottom
varimax,1,LYAR,-0.04887630182112908,bottom
varimax,1,HSPD1,-0.04880434328440049,bottom
varimax,1,HNRNPAB,-0.05947299417023974,bottom
varimax,1,SERBP1,-0.061844398117333145,bottom
varimax,1,RUVBL1,-0.05186416180997862,bottom
varimax,1,CYCS,-0.05459260036711415,bottom
varimax,1,TRAP1,-0.057966897378489424,bottom
varimax,1,CD320,-0.05488140966055688,bottom
varimax,1,SRM,-0.05523067897862877,bottom
varimax,1,NME1,-0.057466922050708996,bottom
varimax,1,PA2G4,-0.0579040620409492,bottom
varimax,1,EIF5B,-0.05469362789308015,bottom
varimax,1,EIF3J,-0.05251403099225308,bottom
varimax,1,HSP90AB1,-0.05110856646768426,bottom
varimax,1,TOMM5,-0.05977435578462046,bottom
varimax,1,CCT4,-0.04846086095308715,bottom
varimax,1,CLN6,-0.05247489986005545,bottom
varimax,1,TIMM13,-0.054734738729502436,bottom
varimax,1,NUDCD1,-0.04933227949903706,bottom
varimax,1,TTLL12,-0.05848806912940534,bottom
varimax,1,TOMM22,-0.049121893062574196,bottom
varimax,1,UCK2,-0.05240139906364385,bottom
varimax,1,IMP4,-0.055474370821435096,bottom
varimax,1,RRP1B,-0.050109291369593405,bottom
varimax,1,DKC1,-0.05467025775253537,bottom
varimax,1,SRSF2,-0.05273143717353107,bottom
varimax,1,NOLC1,-0.05816702975031514,bottom
varimax,1,CTPS1,-0.04867026965827444,bottom
varimax,1,CCT6A,-0.049079664413197235,bottom
varimax,1,IFRD2,-0.05396615922629739,bottom
varimax,1,NUDC,-0.05138726541928571,bottom
varimax,1,RPIA,-0.05397024662537999,bottom
varimax,1,TOMM40,-0.05066204176464728,bottom
varimax,1,DUS1L,-0.053060163371612755,bottom
varimax,1,CDK4,-0.04979192051900042,bottom
varimax,1,TIMM23,-0.050651827010253975,bottom
varimax,1,C1QBP,-0.049229666220531626,bottom
varimax,2,TCN2,0.050618870851926547,top
varimax,2,CREG1,0.05330596488166953,top
varimax,2,MICOS10,0.05351413146832738,top
varimax,2,NUCB2,0.04886137949773546,top
varimax,2,SERTAD2,0.051345401780631635,top
varimax,2,RHOC,0.06264363422513981,top
varimax,2,BST2,0.05282336227984991,top
varimax,2,MUC1,0.048865538150270414,top
varimax,2,SCARB2,0.052083235829273565,top
varimax,2,ATN1,0.060222331398631694,top
varimax,2,PCBD1,0.07527741665605676,top
varimax,2,EMC10,0.050034125908204774,top
varimax,2,STAU1,0.05535958045366533,top
varimax,2,CTSZ,0.06328330482789074,top
varimax,2,EBI3,0.052103865315415464,top
varimax,2,CYFIP1,0.0493287589041338,top
varimax,2,HSPB1,0.05214870919102577,top
varimax,2,ACTN1,0.053355228700976594,top
varimax,2,TSPAN3,0.05764638324114351,top
varimax,2,SRI,0.05486093902213743,top
varimax,2,FAM234A,0.05127888380365659,top
varimax,2,DTD1,0.05004037100860755,top
varimax,2,MAGEF1,0.05819266275299074,top
varimax,2,ANTKMT,0.05705240170382817,top
varimax,2,RMND5B,0.05485311049793554,top
varimax,2,COPG2,0.05120242712389333,top
varimax,2,TSG101,0.051036596906817944,top
varimax,2,CD151,0.05158499868928922,top
varimax,2,SCCPDH,0.051115798209918184,top
varimax,2,MAPK8,0.04995360016122898,top
varimax,2,MINPP1,0.05441014990190222,top
varimax,2,DOCK7,0.05436667286341859,top
varimax,2,SERPINH1,0.056226934057638525,top
varimax,2,RASA1,0.05025675585020373,top
varimax,2,POMGNT1,0.050291768448795224,top
varimax,2,POLI,0.05529549720835014,top
varimax,2,WDR41,0.05436962590433606,top
varimax,2,IAH1,0.0492694641272922,top
varimax,2,CPLANE1,0.05245426801105978,top
varimax,2,C9orf64,0.05098533776936562,top
varimax,2,ARHGAP30,-0.04904804006321785,bottom
varimax,2,CSK,-0.044635261570455255,bottom
varimax,2,SASH3,-0.056845661676027025,bottom
varimax,2,TBC1D10C,-0.04847857512914164,bottom
varimax,2,GNG2,-0.04979087964283114,bottom
varimax,2,CD2,-0.04400575021159401,bottom
varimax,2,ETS1,-0.06971062638918367,bottom
varimax,2,MAL,-0.045517071701690906,bottom
varimax,2,CISH,-0.04794480561207207,bottom
varimax,2,CYTIP,-0.048416976516908766,bottom
varimax,2,CORO1A,-0.06484466997131609,bottom
varimax,2,GIMAP7,-0.04897036806415064,bottom
varimax,2,PRKD2,-0.050459864470992453,bottom
varimax,2,DGKA,-0.049450593500435264,bottom
varimax,2,CD27,-0.053193844606643656,bottom
varimax,2,SAMD3,-0.04648064927248209,bottom
varimax,2,CD52,-0.04604318238949915,bottom
varimax,2,IER2,-0.04934389953739633,bottom
varimax,2,ACTG1,-0.045963042947845645,bottom
varimax,2,UPP1,-0.04522049986366629,bottom
varimax,2,GIMAP4,-0.045350058967889566,bottom
varimax,2,ITGB2,-0.047054770995734366,bottom
varimax,2,PIM1,-0.056781773407384335,bottom
varimax,2,LIMD2,-0.04805037481930097,bottom
varimax,2,IKZF1,-0.047555774086285134,bottom
varimax,2,ARL4C,-0.060547813181914885,bottom
varimax,2,KIF21B,-0.05728378731026217,bottom
varimax,2,LTB,-0.05051877887054379,bottom
varimax,2,AKNA,-0.047754263334484286,bottom
varimax,2,PPP1R18,-0.05964413159296467,bottom
varimax,2,LCK,-0.044210416125635574,bottom
varimax,2,RAC2,-0.06148174964713941,bottom
varimax,2,NHERF1,-0.049272806687429956,bottom
varimax,2,DOK2,-0.047962522877762516,bottom
varimax,2,TOB1,-0.05303085131030156,bottom
varimax,2,S1PR4,-0.048601235125641774,bottom
varimax,2,PXN,-0.048256056699875254,bottom
varimax,2,MYO1F,-0.04635128914129845,bottom
varimax,2,SH3BP1,-0.04510767659171891,bottom
varimax,2,CDC25B,-0.04475075632042877,bottom
varimax,3,TMEM123,0.06380887896253093,top
varimax,3,GYPC,0.04984564852884064,top
varimax,3,GOLM2,0.04056948458219734,top
varimax,3,ERBIN,0.05215832274903977,top
varimax,3,RCBTB2,0.04071358643766362,top
varimax,3,NME2,0.046466731897407805,top
varimax,3,ISG20,0.0419472478869706,top
varimax,3,SOS1,0.04015393137330487,top
varimax,3,WASHC3,0.04545226660124164,top
varimax,3,ABRACL,0.05694803545147044,top
varimax,3,CHURC1,0.047170298614586416,top
varimax,3,ZYX,0.04492804038713278,top
varimax,3,TES,0.046757267526173096,top
varimax,3,MARCHF9,0.04146345996249032,top
varimax,3,RSU1,0.059453795375392755,top
varimax,3,RRAGC,0.039614813435307414,top
varimax,3,EIF3K,0.04389196628570877,top
varimax,3,S1PR1,0.07696909747924034,top
varimax,3,PPP2R5C,0.0485616674806782,top
varimax,3,CNN2,0.04124164605349351,top
varimax,3,MAX,0.05069556159824143,top
varimax,3,ADD3,0.04165517005097969,top
varimax,3,GNG10,0.04603725143159357,top
varimax,3,OCIAD2,0.046793987079468996,top
varimax,3,SAMHD1,0.04034998742056984,top
varimax,3,EPB41,0.04120473878406649,top
varimax,3,DENND10,0.04779729619289031,top
varimax,3,FKBP5,0.04575507506469547,top
varimax,3,TRAM2,0.04458956249165824,top
varimax,3,ANKRD27,0.04365487674782524,top
varimax,3,KLF3,0.04522555932985741,top
varimax,3,SLC16A7,0.053798903530235205,top
varimax,3,NDUFA12,0.045474422814006654,top
varimax,3,GNB5,0.04644080219848377,top
varimax,3,DOCK9,0.05013206153315347,top
varimax,3,SNRPN,0.044274448184238625,top
varimax,3,KLF2,0.03983654036208276,top
varimax,3,BIN1,0.04176300664681609,top
varimax,3,EFR3A,0.044284297956785484,top
varimax,3,ACTR2,0.04106313572747251,top
varimax,3,CD2,-0.086592657573529,bottom
varimax,3,DUSP4,-0.059023152659554906,bottom
varimax,3,RBPJ,-0.07282806542227455,bottom
varimax,3,BHLHE40,-0.0700938089842525,bottom
varimax,3,SRGN,-0.06908657501558227,bottom
varimax,3,CCL1,-0.058643146451941824,bottom
varimax,3,PTPN7,-0.06923739452981915,bottom
varimax,3,PHLDA1,-0.06631880171992943,bottom
varimax,3,AHI1,-0.05999723377165808,bottom
varimax,3,JUND,-0.07854262566639315,bottom
varimax,3,ZBED2,-0.06389943586192118,bottom
varimax,3,PKM,-0.059634876866083396,bottom
varimax,3,GRAMD1B,-0.06402997446545436,bottom
varimax,3,PTGIR,-0.07012028228504635,bottom
varimax,3,PRSS23,-0.0693373191379571,bottom
varimax,3,POU2AF1,-0.06447081297555067,bottom
varimax,3,LAG3,-0.05657241716129574,bottom
varimax,3,EED,-0.05866109952910239,bottom
varimax,3,MAP2K3,-0.06766623123451142,bottom
varimax,3,SH2D2A,-0.06749613756297734,bottom
varimax,3,MICAL2,-0.06898088027010944,bottom
varimax,3,NFIL3,-0.06101585804825381,bottom
varimax,3,IER5,-0.05861190379442939,bottom
varimax,3,CALM3,-0.05742524458680159,bottom
varimax,3,VDR,-0.07781328739033345,bottom
varimax,3,HIVEP3,-0.07251879318357449,bottom
varimax,3,CD40LG,-0.05976470105805964,bottom
varimax,3,TNFRSF18,-0.0650257201892141,bottom
varimax,3,NINJ1,-0.05653775314227649,bottom
varimax,3,BCL2L1,-0.08270456929803764,bottom
varimax,3,DUSP5,-0.060519226240695105,bottom
varimax,3,ID2,-0.06776794591474793,bottom
varimax,3,AGK,-0.07619787566911443,bottom
varimax,3,FASLG,-0.07371800048669562,bottom
varimax,3,RGS16,-0.0633777689563402,bottom
varimax,3,NFE2L3,-0.06086322516697455,bottom
varimax,3,SETBP1,-0.0584254158762119,bottom
varimax,3,P4HA2,-0.06094077068298214,bottom
varimax,3,TNFRSF9,-0.06319087230227544,bottom
varimax,3,CD200,-0.07290518119023193,bottom
varimax,4,CD48,0.04845383997667881,top
varimax,4,SLC3A2,0.05420202229622735,top
varimax,4,UFM1,0.044342015096996784,top
varimax,4,SRPRB,0.0439085051499423,top
varimax,4,CD28,0.04831909083691217,top
varimax,4,CHIC2,0.045022358328087396,top
varimax,4,CD44,0.05211017792686335,top
varimax,4,JAK2,0.04576365046970814,top
varimax,4,CD109,0.04377586852889682,top
varimax,4,DNAJB9,0.04057110869138177,top
varimax,4,TTC17,0.04951135004019733,top
varimax,4,WDFY1,0.0567482126179905,top
varimax,4,TM2D3,0.04731422154674628,top
varimax,4,TET2,0.04198393634626736,top
varimax,4,RC3H1,0.04559724500372,top
varimax,4,TGFBR2,0.04545673502366436,top
varimax,4,RNF149,0.04865993153833584,top
varimax,4,TESPA1,0.04207011853392914,top
varimax,4,LEPROTL1,0.041471687407285705,top
varimax,4,GPR171,0.04177210853307498,top
varimax,4,NAMPT,0.04832069626372346,top
varimax,4,ERN1,0.045168128082252,top
varimax,4,ECE1,0.0403042954748907,top
varimax,4,REXO2,0.04575481845263172,top
varimax,4,TTC39C,0.041926994007560496,top
varimax,4,AGO2,0.04811517048308813,top
varimax,4,ITK,0.03956702748664249,top
varimax,4,CD226,0.04064332803759745,top
varimax,4,POU2F2,0.04098040671662971,top
varimax,4,NR1D2,0.04306342790035155,top
varimax,4,ADAT2,0.044659110191110685,top
varimax,4,JMY,0.03952222933200965,top
varimax,4,TNFRSF25,0.04013032433026083,top
varimax,4,NDFIP1,0.05057423322497959,top
varimax,4,PHF11,0.04106298450956837,top
varimax,4,RAB8B,0.04165373291419936,top
varimax,4,IFNAR2,0.04001626378968114,top
varimax,4,TBCEL,0.04045577062666146,top
varimax,4,SLC16A7,0.03999474510226396,top
varimax,4,FYN,0.04364923108578676,top
varimax,4,CBX5,-0.06327018234510981,bottom
varimax,4,LCP1,-0.06471680980716489,bottom
varimax,4,CORO1A,-0.07078554008922652,bottom
varimax,4,FADS2,-0.06612654735573623,bottom
varimax,4,FADS1,-0.05524620423153645,bottom
varimax,4,NUDT1,-0.058818630582602845,bottom
varimax,4,HMGB2,-0.060592368383895374,bottom
varimax,4,TPGS2,-0.06965692753000605,bottom
varimax,4,MGST3,-0.06368812571490236,bottom
varimax,4,ARPC1B,-0.05764921248885613,bottom
varimax,4,ACTG1,-0.06710897511961902,bottom
varimax,4,LSM4,-0.05479987473156849,bottom
varimax,4,ACAT2,-0.07838636807156071,bottom
varimax,4,CALR,-0.05488711940917284,bottom
varimax,4,TMSB10,-0.056471249477104996,bottom
varimax,4,NUCKS1,-0.05571978860736436,bottom
varimax,4,PRKACA,-0.05361549945244712,bottom
varimax,4,DBI,-0.07637437341143874,bottom
varimax,4,PFN1,-0.0708587661816629,bottom
varimax,4,CFL1,-0.07776235350952575,bottom
varimax,4,CDK2,-0.0732699415359896,bottom
varimax,4,NHERF1,-0.061438303117653616,bottom
varimax,4,DHCR24,-0.06348943619524337,bottom
varimax,4,CARD19,-0.06209341452836806,bottom
varimax,4,CNN2,-0.057309155534234754,bottom
varimax,4,HDAC1,-0.0545432097587473,bottom
varimax,4,EBP,-0.06474348315531793,bottom
varimax,4,NDUFB3,-0.053427747602449206,bottom
varimax,4,ATP2A3,-0.05976851880774443,bottom
varimax,4,ARHGDIB,-0.05716332648286333,bottom
varimax,4,GRK2,-0.07635800507807386,bottom
varimax,4,C12orf75,-0.0622018996643138,bottom
varimax,4,MVD,-0.05970586217353912,bottom
varimax,4,SH3BP1,-0.05852302268813292,bottom
varimax,4,COX8A,-0.06172725068713135,bottom
varimax,4,GNB2,-0.055746737434604725,bottom
varimax,4,MTHFD1,-0.0571586326610119,bottom
varimax,4,TUBA4A,-0.060671520068325636,bottom
varimax,4,CYB5B,-0.05352994109266717,bottom
varimax,4,GGH,-0.058428871783350156,bottom
varimax,5,SSR3,0.12128648702320594,top
varimax,5,TRAM1,0.1292388352283193,top
varimax,5,DNAJB11,0.08544457445800482,top
varimax,5,MANF,0.10438535321177214,top
varimax,5,SEC61A1,0.12821880856440887,top
varimax,5,HYOU1,0.11223696781494329,top
varimax,5,FKBP11,0.08147077896130756,top
varimax,5,SDF2L1,0.0880142139237798,top
varimax,5,SRPRB,0.08737146559903597,top
varimax,5,STT3A,0.10843881049362354,top
varimax,5,DNAJC3,0.1142990841067427,top
varimax,5,PPIB,0.12178664031543716,top
varimax,5,MYDGF,0.11552613437983367,top
varimax,5,SSR2,0.11212945238113274,top
varimax,5,HSPA5,0.09335242698816015,top
varimax,5,HSP90B1,0.08636085181671184,top
varimax,5,PDIA3,0.10627880685301837,top
varimax,5,SERP1,0.08290152837265624,top
varimax,5,SEC61B,0.1039134168778028,top
varimax,5,LMAN1,0.08444912908110412,top
varimax,5,SND1,0.08090370784055996,top
varimax,5,SEC13,0.09195511432864215,top
varimax,5,OSTC,0.11354638446023621,top
varimax,5,SELENOS,0.08514363305927324,top
varimax,5,MLEC,0.08182370562545883,top
varimax,5,GMPPB,0.09995208877678831,top
varimax,5,CANX,0.082634428460256,top
varimax,5,HM13,0.09371966052549735,top
varimax,5,TMEM39A,0.09684423274135745,top
varimax,5,ERLEC1,0.0823390014154193,top
varimax,5,MGAT2,0.08254106645966215,top
varimax,5,COPG1,0.10251125467855281,top
varimax,5,SPCS3,0.09567222837392259,top
varimax,5,SLC35B1,0.08254637954028099,top
varimax,5,SEC24D,0.10167327617791558,top
varimax,5,UGDH,0.07897038526719953,top
varimax,5,SSR1,0.09735245133791795,top
varimax,5,HSPA13,0.08856512622110528,top
varimax,5,ARF4,0.08523808982734007,top
varimax,5,TMED10,0.08368866315855725,top
varimax,5,MAP4K1,-0.03773611038886586,bottom
varimax,5,SMAP2,-0.03598036433210974,bottom
varimax,5,ASXL1,-0.02902815841253739,bottom
varimax,5,TBC1D9B,-0.03761692248671417,bottom
varimax,5,NPTX1,-0.03349921473627343,bottom
varimax,5,TRAF3,-0.03669989283352141,bottom
varimax,5,ADAM8,-0.030740968097223383,bottom
varimax,5,HDAC7,-0.03608079255654413,bottom
varimax,5,DEAF1,-0.03342791254178037,bottom
varimax,5,SYTL3,-0.03030764415882999,bottom
varimax,5,LPXN,-0.0325865750389704,bottom
varimax,5,MYO1G,-0.02918142200661027,bottom
varimax,5,KCNAB2,-0.029750027091993585,bottom
varimax,5,FNBP1,-0.036761015994265046,bottom
varimax,5,KIF2A,-0.0313732657799424,bottom
varimax,5,NSMF,-0.03492955922066073,bottom
varimax,5,TNIP2,-0.03347714263976962,bottom
varimax,5,SAMD1,-0.04357830634572103,bottom
varimax,5,ARID5A,-0.032241386890116124,bottom
varimax,5,ENO2,-0.032755666610259845,bottom
varimax,5,JAML,-0.03505931743936418,bottom
varimax,5,SEPTIN9,-0.038418053556757266,bottom
varimax,5,EHMT2,-0.029961507424052628,bottom
varimax,5,MLLT6,-0.030002512436009432,bottom
varimax,5,PLEC,-0.031019862426865302,bottom
varimax,5,SSH1,-0.03636940971022532,bottom
varimax,5,MOB3A,-0.03646678613122294,bottom
varimax,5,PFKFB3,-0.029277074873386152,bottom
varimax,5,RYBP,-0.030958417350324282,bottom
varimax,5,PITPNC1,-0.031607768804846226,bottom
varimax,5,NCOR2,-0.035321269631662475,bottom
varimax,5,NAP1L4,-0.03668803133290768,bottom
varimax,5,RFTN1,-0.0395920991358846,bottom
varimax,5,RNF213,-0.03365369624096853,bottom
varimax,5,CCM2,-0.036708996754841204,bottom
varimax,5,ZNRF1,-0.030725851221679104,bottom
varimax,5,ZFP36,-0.03576524296680922,bottom
varimax,5,MAN2A2,-0.03649191203477197,bottom
varimax,5,NUMA1,-0.030721357902644054,bottom
varimax,5,ANKRD12,-0.03248301921574309,bottom
varimax,6,TCN2,0.0507479128842857,top
varimax,6,CREG1,0.05561882493521508,top
varimax,6,EMC7,0.05431599401350409,top
varimax,6,CALM1,0.05009270484234938,top
varimax,6,CLU,0.07643510047246882,top
varimax,6,BCAP29,0.06576231474681879,top
varimax,6,OSTF1,0.05222355658374292,top
varimax,6,TPM4,0.06646277872601389,top
varimax,6,B4GALT5,0.0571113037454906,top
varimax,6,SPPL2A,0.06011810557356781,top
varimax,6,WIPI1,0.0497285029082876,top
varimax,6,PRDM8,0.054105808553325745,top
varimax,6,CTSC,0.06770358380575998,top
varimax,6,PRNP,0.057714477680627305,top
varimax,6,TGFBR2,0.06312861043143646,top
varimax,6,ZFYVE28,0.051165378412110475,top
varimax,6,RAB27A,0.0649274046436789,top
varimax,6,ZYX,0.05201802389365839,top
varimax,6,VASP,0.056591985034808105,top
varimax,6,GLIPR1,0.05857813116018282,top
varimax,6,F2R,0.05017926035498054,top
varimax,6,STX11,0.06996786942294965,top
varimax,6,MAPK6,0.05039284687453378,top
varimax,6,ANTXR2,0.06638290667759578,top
varimax,6,ITGA2,0.055951761588708675,top
varimax,6,ARHGAP18,0.053065695715010734,top
varimax,6,WIPF1,0.053210620081334356,top
varimax,6,MFHAS1,0.05030153475720981,top
varimax,6,SLC26A4,0.057681578851948606,top
varimax,6,EMP1,0.05809254350585716,top
varimax,6,REEP3,0.055170178782774276,top
varimax,6,TENT5C,0.05159541289946283,top
varimax,6,CHSY1,0.05848939551069242,top
varimax,6,SUSD6,0.06408890630115885,top
varimax,6,GPRIN3,0.05096604116659257,top
varimax,6,MREG,0.06069967459710126,top
varimax,6,IQGAP2,0.06616500685118797,top
varimax,6,ERI1,0.050546773703936454,top
varimax,6,ARID3B,0.05445841483188887,top
varimax,6,CLPTM1L,0.05118575135253274,top
varimax,6,CISH,-0.049301186255140156,bottom
varimax,6,ETFB,-0.056363972385427875,bottom
varimax,6,EEF1G,-0.07497768912384567,bottom
varimax,6,MIF,-0.07578310779373391,bottom
varimax,6,IL16,-0.045871102948725796,bottom
varimax,6,DNPH1,-0.04666214235469163,bottom
varimax,6,RCAN3,-0.04728550353811799,bottom
varimax,6,ADI1,-0.05073733655870994,bottom
varimax,6,PATJ,-0.052756433091571776,bottom
varimax,6,NME2,-0.04832278616073972,bottom
varimax,6,RNF144A,-0.06409941579947678,bottom
varimax,6,DEAF1,-0.04784031480462749,bottom
varimax,6,SND1,-0.05393449768970772,bottom
varimax,6,BTBD2,-0.04964656358727774,bottom
varimax,6,RAMP1,-0.05118463878293469,bottom
varimax,6,EEF1B2,-0.0511711105665778,bottom
varimax,6,AHI1,-0.04483089362819892,bottom
varimax,6,NOP53,-0.06818986812647249,bottom
varimax,6,EEIG1,-0.05129473886817095,bottom
varimax,6,PLCG1,-0.048841877008169575,bottom
varimax,6,TRIM22,-0.044724932296370846,bottom
varimax,6,OXA1L,-0.046754345922216556,bottom
varimax,6,C12orf57,-0.05391151193194085,bottom
varimax,6,CPNE1,-0.04949969867978945,bottom
varimax,6,UXT,-0.06051493418337599,bottom
varimax,6,VEGFB,-0.0662441385395174,bottom
varimax,6,PTGIR,-0.0648780699485458,bottom
varimax,6,SMDT1,-0.04560725185578308,bottom
varimax,6,LDHB,-0.04639652794082625,bottom
varimax,6,PLAC8,-0.04814097574433658,bottom
varimax,6,APRT,-0.04815338947044967,bottom
varimax,6,MACROD1,-0.04800998703441257,bottom
varimax,6,EIF3L,-0.06693126160144534,bottom
varimax,6,SMAD2,-0.049026587001390974,bottom
varimax,6,TRAPPC6A,-0.05875528563898963,bottom
varimax,6,PDE7B,-0.04523365981086011,bottom
varimax,6,EIF4B,-0.05914837784134157,bottom
varimax,6,TOMM7,-0.05525489336580934,bottom
varimax,6,TCF7,-0.05357471466923973,bottom
varimax,6,QARS1,-0.04556576098533576,bottom
varimax,7,LAMP1,0.04038133885421543,top
varimax,7,ELOF1,0.03534516157412849,top
varimax,7,UBE3C,0.03928303143499191,top
varimax,7,SLC4A7,0.03877751502980815,top
varimax,7,MGST3,0.03733179254628156,top
varimax,7,SAMD3,0.03613625932525907,top
varimax,7,CD52,0.05531779175960615,top
varimax,7,TESPA1,0.03957864826262426,top
varimax,7,ARPC4,0.03889708314216476,top
varimax,7,SLC35B2,0.04309045534425784,top
varimax,7,EFHD2,0.04169147513744966,top
varimax,7,VAMP8,0.04906298560153349,top
varimax,7,CCDC85B,0.03801564288534412,top
varimax,7,PRF1,0.03621057770065726,top
varimax,7,EIF4EBP2,0.047723676123436184,top
varimax,7,SPN,0.05110639356658149,top
varimax,7,DENND2D,0.03553322498383427,top
varimax,7,DOK2,0.03573476401569842,top
varimax,7,GDF11,0.04029485225999917,top
varimax,7,ATP2B4,0.037094927423477086,top
varimax,7,CNN2,0.037581057008513954,top
varimax,7,CD3G,0.05224976409262588,top
varimax,7,STAT6,0.03585757412927657,top
varimax,7,PPP1R9B,0.03993990343505242,top
varimax,7,M6PR,0.05186840650029421,top
varimax,7,UCP2,0.050643372753244396,top
varimax,7,RNF11,0.038717544117668194,top
varimax,7,SH3BGRL3,0.03560418376707515,top
varimax,7,PNP,0.036232278227084656,top
varimax,7,GPR18,0.03587122623783984,top
varimax,7,ATP8B2,0.048497187210694175,top
varimax,7,MAPKAPK2,0.0352706351078245,top
varimax,7,NACC1,0.06050512202904985,top
varimax,7,COX14,0.03680942834774999,top
varimax,7,RASSF3,0.04138379434916964,top
varimax,7,MAST3,0.04049059758407291,top
varimax,7,EID1,0.036515677285656654,top
varimax,7,GIPC1,0.03674168814987099,top
varimax,7,ARL8A,0.0358185980951892,top
varimax,7,CTSA,0.03984707271184848,top
varimax,7,SLC3A2,-0.07096436186621372,bottom
varimax,7,ATF4,-0.07123539790607414,bottom
varimax,7,EIF1,-0.0665419382770609,bottom
varimax,7,NFKB2,-0.06479253067246436,bottom
varimax,7,ENO1,-0.0883173951368425,bottom
varimax,7,EGLN1,-0.0729336437158694,bottom
varimax,7,CYTIP,-0.07954244943970712,bottom
varimax,7,FTH1,-0.08926534038952491,bottom
varimax,7,MIF,-0.06273165557666228,bottom
varimax,7,AK4,-0.07459379017106756,bottom
varimax,7,P4HA1,-0.0761021570142801,bottom
varimax,7,SQSTM1,-0.06124629865113583,bottom
varimax,7,UPP1,-0.06471970675259273,bottom
varimax,7,VEGFA,-0.09692136017693923,bottom
varimax,7,DDIT4,-0.09979375698982003,bottom
varimax,7,CHD2,-0.06208691748724781,bottom
varimax,7,PSAT1,-0.07565438666121133,bottom
varimax,7,HERPUD1,-0.0694676538937677,bottom
varimax,7,MAP2K1,-0.06906475942090672,bottom
varimax,7,NFE2L1,-0.08129335372423423,bottom
varimax,7,FAM162A,-0.0816429263667206,bottom
varimax,7,PHGDH,-0.09164384490978439,bottom
varimax,7,WARS1,-0.07530906970234899,bottom
varimax,7,SLC7A11,-0.0868253615549997,bottom
varimax,7,SLC38A2,-0.07091757149247986,bottom
varimax,7,NAMPT,-0.06089724308344354,bottom
varimax,7,EXOSC8,-0.06357133903087071,bottom
varimax,7,SLC7A1,-0.0653125186502738,bottom
varimax,7,RAB3GAP1,-0.0654292065511054,bottom
varimax,7,TRIB3,-0.0692144398376822,bottom
varimax,7,TMBIM6,-0.0671910351289701,bottom
varimax,7,DARS1,-0.06156218774065071,bottom
varimax,7,MTHFD2,-0.061436099547993804,bottom
varimax,7,SHMT2,-0.07588713481415574,bottom
varimax,7,EIF4EBP1,-0.0805013321884121,bottom
varimax,7,DDIT3,-0.07688942905767178,bottom
varimax,7,MDM4,-0.0627093793047308,bottom
varimax,7,MTHFD1L,-0.0695476724633317,bottom
varimax,7,GPT2,-0.06281568571520864,bottom
varimax,7,PCK2,-0.06437832275209773,bottom
varimax,8,STK17B,0.06294332282639924,top
varimax,8,CD96,0.05985521571712267,top
varimax,8,IL16,0.06244045263505829,top
varimax,8,PTGER2,0.055417929060647936,top
varimax,8,GATA3,0.08675876028620996,top
varimax,8,IL2RA,0.062157405939683864,top
varimax,8,INPP5D,0.05629419399066592,top
varimax,8,RCBTB2,0.05915714142806992,top
varimax,8,SLC1A4,0.06903894037018891,top
varimax,8,LPXN,0.0561241740718664,top
varimax,8,SOS1,0.07546884064956963,top
varimax,8,INPP4A,0.08168417922753081,top
varimax,8,AHI1,0.06054316341500285,top
varimax,8,STAT4,0.05694591011722635,top
varimax,8,APOBR,0.07540642161353434,top
varimax,8,TNFSF10,0.05813158511217369,top
varimax,8,CAPG,0.05772890698033885,top
varimax,8,SPIN1,0.06943041275263363,top
varimax,8,ARRB1,0.05631461832499521,top
varimax,8,PICALM,0.05627476694940842,top
varimax,8,ADAM19,0.06381445665143073,top
varimax,8,GPAT3,0.06700117589152235,top
varimax,8,CXCR6,0.06940855525248343,top
varimax,8,AOAH,0.06384280294429105,top
varimax,8,SNX10,0.06273507662330417,top
varimax,8,CCR2,0.06452872119937843,top
varimax,8,TEX30,0.08148984109837167,top
varimax,8,SP4,0.059115342267368115,top
varimax,8,SAMSN1,0.08545071473890346,top
varimax,8,FYTTD1,0.06359200931740486,top
varimax,8,ARHGAP9,0.06129218085391313,top
varimax,8,DOCK8,0.06129871374457094,top
varimax,8,PHTF2,0.06452860380042451,top
varimax,8,PDE7B,0.05933606795223554,top
varimax,8,BIVM,0.05914355526377835,top
varimax,8,CREM,0.07284498181287402,top
varimax,8,SKAP1,0.05785314891904135,top
varimax,8,C15orf39,0.06385182460936853,top
varimax,8,FUT8,0.0574623073919766,top
varimax,8,ITGA1,0.06569762312116971,top
varimax,8,CLU,-0.05294058110194108,bottom
varimax,8,CD74,-0.06697001143992902,bottom
varimax,8,NPC2,-0.04578069165476803,bottom
varimax,8,SERP1,-0.04318533324375024,bottom
varimax,8,EBI3,-0.04487073169327802,bottom
varimax,8,LY75,-0.0632897612383677,bottom
varimax,8,TXNDC17,-0.049088541596849354,bottom
varimax,8,BAX,-0.06528470289371378,bottom
varimax,8,RAP1A,-0.05086766855658965,bottom
varimax,8,PHPT1,-0.05126005184222124,bottom
varimax,8,RRAGC,-0.0450387346008116,bottom
varimax,8,PHLDA3,-0.057076168196749405,bottom
varimax,8,FDXR,-0.0663419862788031,bottom
varimax,8,CCNG1,-0.060107750610506314,bottom
varimax,8,TNFRSF10B,-0.07121371175298372,bottom
varimax,8,BBC3,-0.05091878163763621,bottom
varimax,8,CARD19,-0.045412398650044025,bottom
varimax,8,TOB1,-0.043034751996505485,bottom
varimax,8,ECE1,-0.05045763940383683,bottom
varimax,8,SLC50A1,-0.05981022938267813,bottom
varimax,8,DPH3,-0.04315082216841649,bottom
varimax,8,RYBP,-0.05797782435425598,bottom
varimax,8,AEN,-0.07274693621441722,bottom
varimax,8,IL21R,-0.09004963262082326,bottom
varimax,8,DGKD,-0.0448970367001315,bottom
varimax,8,NINJ1,-0.04981535222364976,bottom
varimax,8,CDKN1A,-0.04828825075588739,bottom
varimax,8,IFFO2,-0.048376181937915215,bottom
varimax,8,FAS,-0.05786466367376471,bottom
varimax,8,ENPP2,-0.04950457217607266,bottom
varimax,8,RAB4B,-0.04768146445856769,bottom
varimax,8,AQP3,-0.04297175735981592,bottom
varimax,8,RHOG,-0.04604537224700368,bottom
varimax,8,ZMAT3,-0.05012605319609564,bottom
varimax,8,RASSF3,-0.04423454051224953,bottom
varimax,8,ISCU,-0.04731378892870439,bottom
varimax,8,STAT5A,-0.0463405304639766,bottom
varimax,8,MAP4K4,-0.06660577766029187,bottom
varimax,8,FBXO22,-0.046596090691702,bottom
varimax,8,GLUL,-0.052498338236196415,bottom
varimax,9,NDUFV2,0.053318778113508235,top
varimax,9,FURIN,0.05661039562616019,top
varimax,9,GPR15,0.061433180615508995,top
varimax,9,OSTF1,0.05975265126827157,top
varimax,9,ZBTB7B,0.05905688500841731,top
varimax,9,WSB2,0.051929870899947744,top
varimax,9,SOS1,0.0569886644858783,top
varimax,9,CITED2,0.084888603014104,top
varimax,9,MRC2,0.05292241277035437,top
varimax,9,MIB1,0.07298622857283639,top
varimax,9,CPOX,0.05496782237848248,top
varimax,9,SYT11,0.06497794138994173,top
varimax,9,CMTM6,0.07900308250468194,top
varimax,9,LTB,0.05250701469045989,top
varimax,9,CD4,0.07250027221905785,top
varimax,9,TIGIT,0.05338306275676556,top
varimax,9,TNFRSF11A,0.06753577552896181,top
varimax,9,ITGA4,0.06680905406540565,top
varimax,9,SOCS2,0.07098871138367793,top
varimax,9,SLC35F3,0.06557022215903013,top
varimax,9,REXO2,0.05214819214683366,top
varimax,9,RALB,0.09358978536377766,top
varimax,9,TNFRSF4,0.051985513704230324,top
varimax,9,ARL6IP5,0.052825850084654756,top
varimax,9,GFUS,0.05852573757591361,top
varimax,9,STING1,0.06293641822832519,top
varimax,9,ZC2HC1A,0.06372892015104675,top
varimax,9,CYTH1,0.07813367080124722,top
varimax,9,TNFRSF1B,0.0598118099708084,top
varimax,9,TMEM273,0.06513774719888418,top
varimax,9,KIAA1671,0.05537306851611676,top
varimax,9,GDE1,0.054786055549557226,top
varimax,9,PHTF2,0.08061940451350928,top
varimax,9,CEMIP2,0.06833077864921065,top
varimax,9,SYNGR2,0.05680281638657098,top
varimax,9,GRINA,0.05490760268899513,top
varimax,9,CREM,0.05191350158672073,top
varimax,9,KIF3A,0.06769693973750358,top
varimax,9,ATOX1,0.07241460382766468,top
varimax,9,AUH,0.053888976862953526,top
varimax,9,CBX5,-0.04560553797295882,bottom
varimax,9,CLU,-0.060848688517410016,bottom
varimax,9,CTSW,-0.07574352085704851,bottom
varimax,9,NUCB2,-0.08183792953047424,bottom
varimax,9,LRIF1,-0.05936486004017723,bottom
varimax,9,CD96,-0.0480805237086273,bottom
varimax,9,ZNF22,-0.043396817153162966,bottom
varimax,9,NKG7,-0.04890614105651681,bottom
varimax,9,EMB,-0.05025049251331429,bottom
varimax,9,CKLF,-0.04394714567144254,bottom
varimax,9,PARP8,-0.04571693593844824,bottom
varimax,9,RAB27A,-0.05417754833934016,bottom
varimax,9,NUCKS1,-0.062369905880013614,bottom
varimax,9,GZMB,-0.04733821921304776,bottom
varimax,9,USP11,-0.055278790747552986,bottom
varimax,9,CBLB,-0.04379686227384514,bottom
varimax,9,PRF1,-0.04561655569193783,bottom
varimax,9,DEK,-0.052042488412540736,bottom
varimax,9,PDE7A,-0.04919711499462238,bottom
varimax,9,CORO1C,-0.048090869951103066,bottom
varimax,9,SFMBT2,-0.04727959686153806,bottom
varimax,9,STK39,-0.04844965299974492,bottom
varimax,9,PGM1,-0.05114830728470171,bottom
varimax,9,STOM,-0.051490756233638774,bottom
varimax,9,CHSY1,-0.053383242954530896,bottom
varimax,9,MVB12B,-0.057198976699344296,bottom
varimax,9,STAG1,-0.060026467461164766,bottom
varimax,9,PFKFB3,-0.045058650456561586,bottom
varimax,9,PITPNC1,-0.053679094368166,bottom
varimax,9,GPR18,-0.04566929897992215,bottom
varimax,9,HLTF,-0.053380212986651215,bottom
varimax,9,MAPKAPK2,-0.043235658890533345,bottom
varimax,9,IL1RAP,-0.04610630337401929,bottom
varimax,9,SELL,-0.053667609510856217,bottom
varimax,9,ZNRF1,-0.044833831677262244,bottom
varimax,9,NBL1,-0.04701774975394873,bottom
varimax,9,PRKD3,-0.04275285386501742,bottom
varimax,9,NAB1,-0.04759470183199795,bottom
varimax,9,IL17RA,-0.07036157956185704,bottom
varimax,9,MAP4K4,-0.043888645044664054,bottom
varimax,10,PSMB9,0.10395428161474349,top
varimax,10,IFI30,0.08837578975903748,top
varimax,10,TAP1,0.09100374566914017,top
varimax,10,PARP14,0.0758363892098043,top
varimax,10,PSME1,0.095820828203827,top
varimax,10,IFI44L,0.06817537651615656,top
varimax,10,PSMB8,0.07857110896895482,top
varimax,10,APOL1,0.09001676670913542,top
varimax,10,NLRC5,0.05740652871605861,top
varimax,10,DPP4,0.06588681654656021,top
varimax,10,JAK2,0.08080094651784109,top
varimax,10,EPSTI1,0.08420461323143004,top
varimax,10,OAS3,0.06680667214407393,top
varimax,10,DYNLT1,0.05959834862149947,top
varimax,10,LY6E,0.0759311401924401,top
varimax,10,AGPAT3,0.0604832872550417,top
varimax,10,HAPLN3,0.08452492781917044,top
varimax,10,CD47,0.07298863008813504,top
varimax,10,IFI35,0.07941277727635278,top
varimax,10,TAPBP,0.08675068096397326,top
varimax,10,DTX3L,0.08613930334783226,top
varimax,10,SAMD9L,0.05774430982171892,top
varimax,10,TAP2,0.0764372070251247,top
varimax,10,GLIPR2,0.06023603691592433,top
varimax,10,USP18,0.07247419408700169,top
varimax,10,GBP1,0.08451857107653213,top
varimax,10,UBE2L6,0.08505307294207046,top
varimax,10,PARP9,0.0758368070067074,top
varimax,10,GBP4,0.07907773753404573,top
varimax,10,PSMB10,0.07883113813155904,top
varimax,10,OAS2,0.059615078575364064,top
varimax,10,CALHM6,0.05792538539909782,top
varimax,10,PLXNC1,0.05793038885486445,top
varimax,10,STAT1,0.0587856618383481,top
varimax,10,PLAC8,0.0598664569808812,top
varimax,10,IRF1,0.07064038243458891,top
varimax,10,PARP12,0.06930370589462563,top
varimax,10,APOL2,0.06946534140016657,top
varimax,10,IDH2,0.06849303806499633,top
varimax,10,ADAR,0.06253656534452766,top
varimax,10,CBX3,-0.03658919304642625,bottom
varimax,10,EIF1,-0.04515431807377668,bottom
varimax,10,ARIH2,-0.03597033542683872,bottom
varimax,10,DUSP4,-0.05122028467716188,bottom
varimax,10,SLC4A7,-0.03564386445879171,bottom
varimax,10,EEF1G,-0.04767831376024509,bottom
varimax,10,ZCRB1,-0.03622194646180579,bottom
varimax,10,GOLM2,-0.044881603412242836,bottom
varimax,10,TAF1D,-0.03464965301746053,bottom
varimax,10,TXNL1,-0.0349984116295211,bottom
varimax,10,MAP1LC3B,-0.046118250559173575,bottom
varimax,10,MTX3,-0.0423894175357575,bottom
varimax,10,CITED2,-0.036471914658285316,bottom
varimax,10,FABP5,-0.040532475960805045,bottom
varimax,10,SUPT4H1,-0.042277607130677394,bottom
varimax,10,ELAPOR1,-0.04151794036275837,bottom
varimax,10,PARL,-0.03456743228655884,bottom
varimax,10,EEF1B2,-0.03595652621369497,bottom
varimax,10,CCL3,-0.03971563469359845,bottom
varimax,10,MTMR2,-0.03669617391153708,bottom
varimax,10,SLC38A2,-0.03809431827526498,bottom
varimax,10,LDHB,-0.039089862859197536,bottom
varimax,10,ARHGEF12,-0.04292857263902964,bottom
varimax,10,LRBA,-0.05472307716049338,bottom
varimax,10,FAM107B,-0.056812784010145265,bottom
varimax,10,SCPEP1,-0.04371414504778294,bottom
varimax,10,EIF3L,-0.03497250887622062,bottom
varimax,10,CDC123,-0.03659743246565139,bottom
varimax,10,UAP1,-0.03615634276008916,bottom
varimax,10,JMY,-0.047075307013712,bottom
varimax,10,NCOA1,-0.037315640135662444,bottom
varimax,10,ARL3,-0.042538214153892015,bottom
varimax,10,MYL6B,-0.0359707585918776,bottom
varimax,10,DGUOK,-0.035825210869345696,bottom
varimax,10,EIF2D,-0.03436427295358573,bottom
varimax,10,CCM2,-0.035317355295737714,bottom
varimax,10,HBS1L,-0.03490619503077499,bottom
varimax,10,SEPHS2,-0.03934512808176351,bottom
varimax,10,EID1,-0.036486635643974225,bottom
varimax,10,TMEM243,-0.04062337125392194,bottom
