ensembl,symbol,pearson_z,empirical_p,n_co_measured,class,kd_cd4_abs,kd_rpe1_ontarget_abs,min_kd_rank,well_powered,rpe1_cells,donor_robust,program
ENSG00000087302,RTRAF,0.3661,0.0,7036,universal,10.647,1.654,0.7183,True,197,True,
ENSG00000116698,SMG7,0.3593,0.0,7036,universal,4.598,0.55,0.1726,False,143,True,
ENSG00000108349,CASC3,0.3456,0.0,7036,universal,15.973,0.542,0.4068,False,170,True,
ENSG00000174953,DHX36,0.344,0.0,7036,universal,9.572,1.035,0.6528,True,72,True,
ENSG00000166477,LEO1,0.3202,0.0,7036,universal,11.244,0.702,0.5763,True,31,True,
ENSG00000151461,UPF2,0.3075,0.0,7036,universal,6.92,0.466,0.3073,False,113,True,
ENSG00000086758,HUWE1,0.2924,0.0067,7036,universal,8.809,1.04,0.6029,True,77,True,
ENSG00000023734,STRAP,0.2749,0.0,7036,universal,13.623,1.633,0.8222,True,69,True,
ENSG00000171311,EXOSC1,0.2716,0.0,7036,universal,3.005,0.912,0.0395,False,48,True,
ENSG00000104064,GABPB1,0.2652,0.0,7036,universal,8.736,0.446,0.2768,False,48,True,
ENSG00000158526,TSR2,0.2589,0.0,7036,universal,3.631,0.637,0.0821,False,95,True,
ENSG00000106803,SEC61B,0.2562,0.0,7036,universal,4.683,1.862,0.1767,False,54,True,
ENSG00000130638,ATXN10,0.2546,0.0,7036,universal,6.531,1.299,0.4002,False,59,True,
ENSG00000170348,TMED10,0.2535,0.0,7036,universal,9.987,1.192,0.6767,True,175,True,
ENSG00000184634,MED12,0.2392,0.0067,7036,universal,8.98,,0.6133,False,60,True,
ENSG00000117868,ESYT2,0.2384,0.0,7036,universal,3.096,0.519,0.0426,False,50,False,
ENSG00000100413,POLR3H,0.2322,0.0033,7035,universal,6.122,0.658,0.3555,False,52,True,
ENSG00000114867,EIF4G1,0.2301,0.0,7036,universal,6.738,1.525,0.4252,False,77,True,
ENSG00000145414,NAF1,0.2274,0.01,7036,universal,4.848,0.553,0.2079,False,60,False,
ENSG00000140395,SKIC8,0.2251,0.0,7036,universal,5.333,0.714,0.2609,False,60,True,
ENSG00000101158,NELFCD,0.2236,0.0,7036,universal,8.583,0.752,0.5904,True,113,False,
ENSG00000004487,KDM1A,0.2225,0.0,7036,universal,15.428,1.041,0.7887,True,186,True,
ENSG00000174177,CTU2,0.2222,0.0067,7036,universal,7.54,0.361,0.1401,False,82,True,
ENSG00000008952,SEC62,0.2211,0.05,7036,intermediate,14.308,1.028,0.7808,True,25,True,
ENSG00000146918,NCAPG2,0.2209,0.02,7036,universal,5.292,0.607,0.2547,False,43,False,
ENSG00000163872,YEATS2,0.2199,0.1033,7036,intermediate,6.502,0.415,0.2305,False,72,True,
ENSG00000109920,FNBP4,0.2152,0.0,7036,universal,10.168,0.792,0.661,True,116,True,
ENSG00000079999,KEAP1,0.2151,0.0,7036,universal,10.08,0.61,0.4881,False,163,True,
ENSG00000156603,MED19,0.2125,0.0,7036,universal,7.033,0.537,0.3977,False,201,True,
ENSG00000213593,TMX2,0.212,0.0,7036,universal,7.202,0.828,0.4678,False,143,True,
ENSG00000171634,BPTF,0.2096,0.0,7036,universal,13.228,1.069,0.8034,True,101,True,
ENSG00000157106,SMG1,0.2082,0.0067,7036,universal,7.141,0.409,0.2136,False,48,False,
ENSG00000101413,RPRD1B,0.2073,0.0,7036,universal,3.295,0.351,0.0551,False,71,True,
ENSG00000079785,DDX1,0.2059,0.03,7036,universal,7.512,0.986,0.499,False,135,True,
ENSG00000144736,SHQ1,0.2058,0.0,7036,universal,1.236,0.332,0.0114,False,150,True,
ENSG00000176225,RTTN,0.2053,0.08,7036,intermediate,0.58,0.313,0.0021,False,102,True,
ENSG00000064995,TAF11,0.203,0.0033,7036,universal,21.054,0.53,0.3921,False,118,True,
ENSG00000103363,ELOB,0.2025,0.0,7036,universal,22.605,1.853,0.9563,True,134,True,
ENSG00000120686,UFM1,0.1995,0.01,7036,universal,24.904,0.791,0.6576,True,44,True,
ENSG00000105568,PPP2R1A,0.1995,0.0033,7035,universal,1.669,0.633,0.0156,False,296,False,
ENSG00000243725,TTC4,0.1983,0.0,7036,universal,4.563,0.545,0.1632,False,125,True,
ENSG00000187555,USP7,0.1981,0.0933,7036,intermediate,7.586,0.482,0.3288,False,88,True,
ENSG00000025796,SEC63,0.198,0.0067,7036,universal,9.077,0.953,0.6206,True,75,True,
ENSG00000138614,INTS14,0.1979,0.0,7036,universal,6.221,0.424,0.2475,False,355,True,
ENSG00000064102,INTS13,0.1968,0.0033,7036,universal,14.604,0.702,0.5774,True,305,True,
ENSG00000111642,CHD4,0.1968,0.0,7036,universal,7.613,1.27,0.5125,True,132,True,
ENSG00000121073,SLC35B1,0.1962,0.0233,7036,universal,6.712,0.767,0.4231,False,42,True,
ENSG00000111142,METAP2,0.1948,0.1467,7036,intermediate,11.459,1.141,0.7547,True,14,True,
ENSG00000170322,NFRKB,0.1928,0.0,7036,universal,16.022,0.291,0.0588,False,150,True,
ENSG00000128908,INO80,0.1903,0.0,7036,universal,4.954,0.405,0.2056,False,42,True,
ENSG00000197223,C1D,0.1899,0.0333,7036,universal,8.29,0.77,0.5644,True,53,True,
ENSG00000167447,SMG8,0.1893,0.0033,7036,universal,10.555,0.328,0.0915,False,89,True,
ENSG00000009307,CSDE1,0.1876,0.01,7036,universal,25.938,1.894,0.9638,True,57,True,
ENSG00000197780,TAF13,0.1869,0.0067,7036,universal,17.356,0.442,0.2678,False,186,True,
ENSG00000091140,DLD,0.1863,0.0067,7036,universal,6.321,0.607,0.3784,False,76,True,
ENSG00000113812,ACTR8,0.1858,0.0067,7036,universal,7.644,0.421,0.2429,False,88,True,
ENSG00000130165,ELOF1,0.1857,0.0,7036,universal,34.574,0.78,0.6508,True,154,True,
ENSG00000111605,CPSF6,0.1844,0.0,7036,universal,8.087,0.647,0.5254,True,27,True,
ENSG00000106355,LSM5,0.1838,0.0233,7036,universal,5.682,1.046,0.3025,False,85,False,
ENSG00000121350,PYROXD1,0.1806,0.0167,7036,universal,6.03,0.438,0.2633,False,136,False,
ENSG00000171824,EXOSC10,0.1792,0.0267,7036,universal,3.153,0.652,0.0468,False,24,False,
ENSG00000185838,GNB1L,0.1788,0.11,7036,intermediate,3.472,,0.0717,False,105,True,
ENSG00000116586,LAMTOR2,0.1778,0.04,7036,universal,12.726,0.93,0.7266,True,25,True,
ENSG00000165416,SUGT1,0.1772,0.08,7036,intermediate,3.842,0.977,0.0967,False,18,False,
ENSG00000033011,ALG1,0.1768,0.0233,7036,universal,3.519,0.421,0.0728,False,82,True,
ENSG00000143742,SRP9,0.1759,0.0133,7036,universal,6.025,1.653,0.3399,False,143,True,
ENSG00000111300,NAA25,0.1753,0.0567,7036,intermediate,3.377,0.507,0.0634,False,146,True,
ENSG00000104957,YJU2B,0.1753,0.0667,7036,intermediate,2.131,0.083,0.0034,False,114,False,
ENSG00000185298,CCDC137,0.1752,0.0733,7036,intermediate,3.731,0.709,0.0873,False,41,True,
ENSG00000104131,EIF3J,0.1745,0.16,7036,intermediate,8.309,1.046,0.5676,True,66,True,
ENSG00000112685,EXOC2,0.1735,0.07,7036,intermediate,3.968,0.417,0.1091,False,86,False,
ENSG00000139726,DENR,0.1731,0.0,7036,universal,21.859,1.005,0.7706,True,79,True,
ENSG00000112983,BRD8,0.1726,0.0,7036,universal,11.323,0.425,0.2486,False,25,True,
ENSG00000138785,INTS12,0.1724,0.0,7036,universal,9.818,0.36,0.1379,False,140,True,
ENSG00000130024,PHF10,0.1721,0.2667,7036,intermediate,4.755,0.454,0.1965,False,126,False,
ENSG00000169230,PRELID1,0.1704,0.0033,7036,universal,7.562,2.322,0.5042,True,43,False,
ENSG00000204619,PPP1R11,0.17,0.0267,7036,universal,6.0,0.713,0.3358,False,47,True,
ENSG00000151465,CDC123,0.1683,0.0033,7036,universal,12.413,1.058,0.7838,True,35,True,
ENSG00000140264,SERF2,0.1671,0.0533,7036,intermediate,13.79,2.52,0.8285,True,33,False,
ENSG00000103275,UBE2I,0.1649,0.0,7036,universal,18.351,1.334,0.8802,True,74,True,
ENSG00000198612,COPS8,0.1648,0.1433,7036,intermediate,3.581,0.973,0.0759,False,74,True,
ENSG00000110172,CHORDC1,0.1639,0.1933,7036,intermediate,4.716,0.61,0.1871,False,146,True,
ENSG00000129932,DOHH,0.1638,0.0,7036,universal,8.024,0.517,0.3751,False,120,True,
ENSG00000008838,MED24,0.1637,0.1867,7036,intermediate,18.398,0.396,0.191,False,35,True,
ENSG00000173011,TADA2B,0.1633,0.0,7036,universal,26.456,0.281,0.0486,False,83,True,factor6(activation+SAGA)
ENSG00000104517,UBR5,0.1631,0.0033,7036,universal,23.357,0.778,0.6486,True,105,True,
ENSG00000126261,UBA2,0.1627,0.0967,7036,intermediate,6.237,0.969,0.369,False,156,False,
ENSG00000163166,IWS1,0.1625,0.0,7036,universal,15.105,0.718,0.5966,True,114,True,
ENSG00000179218,CALR,0.1621,0.0,7036,universal,10.596,2.575,0.7141,True,74,False,
ENSG00000105879,CBLL1,0.1621,0.0033,7036,universal,10.162,0.411,0.2181,False,74,False,
ENSG00000127481,UBR4,0.1621,0.06,7036,intermediate,14.741,0.586,0.4633,False,73,True,
ENSG00000152382,TADA1,0.1608,0.0067,7036,universal,7.05,,0.4522,False,138,True,
ENSG00000114127,XRN1,0.1605,0.0,7036,universal,9.153,0.637,0.5119,True,51,True,
ENSG00000086598,TMED2,0.1599,0.0,7036,universal,7.793,1.276,0.527,True,77,True,
ENSG00000161654,LSM12,0.1589,0.0,7036,universal,10.177,0.942,0.6933,True,115,True,
ENSG00000178202,POGLUT3,0.1589,0.0533,7036,intermediate,7.053,0.568,0.4452,False,784,True,
ENSG00000134014,ELP3,0.1589,0.0067,7036,universal,11.219,0.335,0.104,False,110,True,
ENSG00000104859,CLASRP,0.1586,0.0,7036,universal,5.197,0.314,0.078,False,344,True,
ENSG00000134884,ARGLU1,0.1585,0.0,7036,universal,12.744,1.054,0.79,True,105,True,
ENSG00000118363,SPCS2,0.1584,0.0167,7036,universal,4.618,1.199,0.1736,False,59,False,
ENSG00000165458,INPPL1,0.1584,0.1,7036,intermediate,4.987,0.455,0.2287,False,110,True,
ENSG00000139697,SBNO1,0.1569,0.0,7036,universal,7.335,0.778,0.4813,False,172,True,
ENSG00000112130,RNF8,0.1568,0.12,7036,intermediate,14.795,0.671,0.5492,True,213,True,
ENSG00000185591,SP1,0.1564,0.0,7036,universal,16.073,0.453,0.287,False,193,True,
ENSG00000180543,TSPYL5,0.156,0.08,7036,intermediate,2.499,,0.0291,False,47,True,
ENSG00000148308,GTF3C5,0.1559,0.02,7036,universal,6.058,0.463,0.3006,False,108,True,
ENSG00000140830,TXNL4B,0.1558,0.0833,7036,intermediate,5.764,0.266,0.0294,False,174,False,
ENSG00000180182,MED14,0.1557,0.0,7036,universal,7.593,0.346,0.1153,False,99,True,
ENSG00000173812,EIF1,0.1536,0.0033,7036,universal,27.357,2.922,0.9844,True,165,True,
ENSG00000047410,TPR,0.1534,0.0,7036,universal,4.82,1.506,0.2037,False,131,False,
ENSG00000134759,ELP2,0.1529,0.01,7036,universal,8.751,0.556,0.4339,False,74,True,
ENSG00000182473,EXOC7,0.1528,0.06,7036,intermediate,8.365,0.573,0.4486,False,33,True,
ENSG00000104613,INTS10,0.1528,0.0033,7036,universal,12.792,0.491,0.3435,False,91,True,
ENSG00000014123,UFL1,0.1522,0.0267,7036,universal,6.785,0.702,0.4293,False,115,True,
ENSG00000127586,CHTF18,0.1515,0.0967,7036,intermediate,4.473,0.34,0.1119,False,120,True,
ENSG00000105771,SMG9,0.1506,0.0067,7036,universal,7.901,0.388,0.1763,False,95,True,
ENSG00000162227,TAF6L,0.1503,0.0167,7036,universal,9.456,,0.6497,False,72,True,factor6(activation+SAGA)
ENSG00000172315,TP53RK,0.1494,0.0,7036,universal,6.668,0.598,0.4189,False,90,False,
ENSG00000197771,MCMBP,0.1493,0.0533,7036,intermediate,12.357,0.699,0.5729,True,95,False,
ENSG00000168286,THAP11,0.1491,0.0,7036,universal,13.877,0.5,0.3537,False,147,True,
ENSG00000100811,YY1,0.1477,0.0,7036,universal,10.966,0.799,0.6655,True,86,True,
ENSG00000088930,XRN2,0.1472,0.0867,7036,intermediate,3.464,1.22,0.0707,False,19,False,
ENSG00000014164,ZC3H3,0.1471,0.0,7036,universal,7.023,,0.448,False,102,False,
ENSG00000204371,EHMT2,0.146,0.0867,7036,intermediate,17.332,0.547,0.4226,False,174,True,
ENSG00000150991,UBC,0.1459,0.4467,7036,intermediate,6.457,1.615,0.3929,False,19,True,
ENSG00000174437,ATP2A2,0.1459,0.3333,7036,intermediate,10.057,1.001,0.6819,True,144,True,
ENSG00000168876,ANKRD49,0.1458,0.5033,7036,intermediate,3.202,,0.0499,False,92,True,
ENSG00000006744,ELAC2,0.1457,0.0933,7036,intermediate,4.211,0.547,0.131,False,104,False,
ENSG00000149357,LAMTOR1,0.1418,0.0033,7036,universal,12.204,1.336,0.7775,True,371,False,
ENSG00000090989,EXOC1,0.1417,0.0233,7036,universal,3.575,0.551,0.0748,False,48,True,
ENSG00000163933,RFT1,0.1417,0.04,7036,universal,4.694,0.463,0.1798,False,95,True,
ENSG00000101557,USP14,0.1414,0.0033,7036,universal,13.777,1.334,0.8274,True,188,False,
ENSG00000125944,HNRNPR,0.1413,0.0867,7036,intermediate,18.527,1.705,0.9262,True,53,False,
ENSG00000131652,THOC6,0.1413,0.0,7036,universal,14.893,0.508,0.365,False,146,True,
ENSG00000113272,THG1L,0.1408,0.0033,7036,universal,4.532,0.498,0.159,False,57,True,
ENSG00000110367,DDX6,0.1398,0.01,7036,universal,17.616,0.803,0.6701,True,22,True,
ENSG00000130749,ZC3H4,0.1396,0.0,7036,universal,10.671,0.334,0.1017,False,71,True,
ENSG00000170291,ELP5,0.1385,0.0,7036,universal,10.117,0.527,0.3898,False,103,True,
ENSG00000164405,UQCRQ,0.138,0.2367,7036,intermediate,8.178,1.79,0.5582,True,66,True,
ENSG00000163466,ARPC2,0.1378,0.0067,7036,universal,16.687,1.601,0.8857,True,140,True,
ENSG00000168118,RAB4A,0.1374,0.14,7036,intermediate,16.861,0.741,0.6113,True,181,False,
ENSG00000140553,UNC45A,0.1362,0.3767,7036,intermediate,2.347,0.23,0.0158,False,111,True,
ENSG00000134086,VHL,0.1359,0.0,7036,universal,19.839,0.317,0.0802,False,63,True,
ENSG00000167182,SP2,0.1359,0.0,7036,universal,18.348,0.334,0.1028,False,72,True,
ENSG00000173418,NAA20,0.1353,0.2433,7036,intermediate,5.421,1.149,0.2682,False,98,True,
ENSG00000173726,TOMM20,0.1346,0.0667,7036,intermediate,3.413,1.573,0.0676,False,67,False,
ENSG00000143379,SETDB1,0.1344,0.3633,7035,intermediate,27.33,0.311,0.0734,False,122,True,
ENSG00000125952,MAX,0.1342,0.0,7036,universal,20.674,0.494,0.348,False,89,True,
ENSG00000198176,TFDP1,0.1326,0.01,7035,universal,8.041,0.95,0.5499,True,173,True,
ENSG00000198841,KTI12,0.132,0.0033,7036,universal,6.777,0.366,0.1525,False,131,True,
ENSG00000177889,UBE2N,0.1308,0.2767,7036,intermediate,6.174,1.122,0.3649,False,121,True,
ENSG00000100578,KIAA0586,0.1289,0.0267,7036,universal,5.478,0.649,0.2734,False,52,False,
ENSG00000158435,CNOT11,0.1285,0.0,7036,universal,11.143,0.475,0.3209,False,69,True,
ENSG00000110321,EIF4G2,0.1285,0.0,7036,universal,7.722,1.787,0.5187,True,177,True,
ENSG00000083520,DIS3,0.1285,0.1333,7036,intermediate,3.678,0.416,0.0863,False,11,True,
ENSG00000164091,WDR82,0.1282,0.2333,7036,intermediate,18.747,0.67,0.548,True,15,True,
ENSG00000188529,SRSF10,0.1274,0.0,7036,universal,9.691,1.166,0.6611,True,119,True,
ENSG00000088986,DYNLL1,0.127,0.0967,7036,intermediate,3.94,2.251,0.1071,False,69,True,
ENSG00000126698,DNAJC8,0.127,0.0,7036,universal,23.618,1.367,0.8893,True,153,True,
ENSG00000164163,ABCE1,0.1269,0.0,7036,universal,6.493,1.167,0.395,False,54,False,
ENSG00000105185,PDCD5,0.1256,0.0167,7036,universal,9.912,1.701,0.6715,True,140,True,
ENSG00000182973,CNOT10,0.1239,0.2367,7036,intermediate,4.776,0.426,0.2017,False,91,True,
ENSG00000172262,ZNF131,0.123,0.0367,7036,universal,4.109,0.546,0.1185,False,18,True,
ENSG00000133858,ZFC3H1,0.1229,0.0,7036,universal,8.993,0.638,0.5141,True,85,True,
ENSG00000196584,XRCC2,0.1226,0.4333,7036,intermediate,2.465,0.382,0.0281,False,93,True,
ENSG00000126756,UXT,0.1206,0.28,7036,intermediate,13.047,1.096,0.8025,True,64,False,
ENSG00000169371,SNUPN,0.1198,0.3133,7036,intermediate,4.942,0.537,0.2214,False,66,False,
ENSG00000127561,SYNGR3,0.1192,0.0133,7036,intermediate,5.388,,0.2661,False,77,False,
ENSG00000149923,PPP4C,0.1186,0.1433,7036,intermediate,9.024,1.173,0.6175,True,43,True,
ENSG00000109332,UBE2D3,0.1173,0.2867,7036,intermediate,19.046,1.008,0.7729,True,20,True,
ENSG00000164758,MED30,0.1171,0.15,7036,intermediate,6.306,0.376,0.165,False,17,False,
ENSG00000102710,SUPT20H,0.1171,0.04,7036,intermediate,20.273,0.598,0.4746,False,185,True,factor6(activation+SAGA)
ENSG00000133773,CCDC59,0.116,0.01,7036,intermediate,6.091,0.752,0.3534,False,48,True,
ENSG00000109911,ELP4,0.1155,0.0133,7036,intermediate,4.576,0.357,0.1356,False,28,True,
ENSG00000196396,PTPN1,0.1153,0.3367,7036,intermediate,3.122,0.82,0.0447,False,98,False,
ENSG00000118420,UBE3D,0.1153,0.0,7036,intermediate,3.364,,0.0624,False,143,True,
ENSG00000061676,NCKAP1,0.1142,0.0,7036,intermediate,7.459,0.969,0.4917,False,82,False,
ENSG00000131043,AAR2,0.1141,0.27,7036,intermediate,0.64,0.365,0.0042,False,11,False,
ENSG00000141564,RPTOR,0.1139,0.0,7036,intermediate,3.109,,0.0437,False,30,True,
ENSG00000140105,WARS1,0.1128,0.0,7036,intermediate,13.623,0.601,0.478,False,61,True,
ENSG00000163930,BAP1,0.1125,0.0,7036,intermediate,3.82,0.355,0.0936,False,114,True,
ENSG00000125686,MED1,0.1112,0.04,7036,intermediate,7.355,0.639,0.4823,False,56,True,
ENSG00000147677,EIF3H,0.1105,0.0,7036,intermediate,11.243,1.648,0.7474,True,19,True,
ENSG00000163605,PPP4R2,0.1099,0.0233,7036,intermediate,7.869,0.781,0.5322,True,74,False,
ENSG00000081307,UBA5,0.1098,0.0,7036,intermediate,18.173,0.598,0.4734,False,72,True,
ENSG00000119777,TMEM214,0.1096,0.0033,7036,intermediate,12.072,0.543,0.4124,False,705,True,
ENSG00000090447,TFAP4,0.109,0.0767,7036,intermediate,3.595,,0.0769,False,25,True,
ENSG00000165819,METTL3,0.1087,0.0,7036,intermediate,4.714,0.436,0.1861,False,216,True,
ENSG00000150776,NKAPD1,0.1084,0.0,7036,intermediate,10.495,0.573,0.4497,False,118,True,
ENSG00000169564,PCBP1,0.1083,0.0,7035,intermediate,10.554,1.292,0.711,True,205,True,
ENSG00000214078,CPNE1,0.1083,0.1,7036,intermediate,4.703,0.962,0.183,False,58,False,
ENSG00000092094,OSGEP,0.1082,0.0,7036,intermediate,6.086,0.466,0.3096,False,71,False,
ENSG00000100575,TIMM9,0.1079,0.0633,7036,intermediate,5.791,0.678,0.316,False,41,True,
ENSG00000103194,USP10,0.1077,0.1233,7036,intermediate,12.747,0.759,0.6237,True,78,True,
ENSG00000009413,REV3L,0.107,0.45,7036,intermediate,4.27,0.666,0.1383,False,56,False,
ENSG00000186591,UBE2H,0.1065,0.0,7036,intermediate,6.377,0.792,0.3836,False,97,False,
ENSG00000108654,DDX5,0.1058,0.0833,7036,intermediate,17.196,1.82,0.894,True,203,True,
ENSG00000120533,ENY2,0.1046,0.0,7036,intermediate,8.597,1.463,0.5915,True,87,False,
ENSG00000164162,ANAPC10,0.1042,0.08,7036,intermediate,4.711,0.512,0.185,False,25,False,
ENSG00000095059,DHPS,0.1042,0.23,7036,intermediate,5.238,0.665,0.2505,False,77,True,
ENSG00000163714,U2SURP,0.1036,0.0967,7035,intermediate,5.53,1.135,0.2807,False,39,True,
ENSG00000137200,CMTR1,0.1031,0.0067,7036,intermediate,8.465,0.271,0.0362,False,82,True,
ENSG00000071462,BUD23,0.103,0.2,7036,intermediate,4.31,1.021,0.1393,False,7,False,
ENSG00000243667,DNAAF10,0.1028,0.41,7036,intermediate,1.696,0.462,0.0166,False,11,False,
ENSG00000204356,NELFE,0.1027,0.0,7035,intermediate,6.487,0.929,0.394,False,98,False,
ENSG00000137076,TLN1,0.1027,0.2267,7036,intermediate,16.052,1.425,0.8753,True,37,True,
ENSG00000106105,GARS1,0.1022,0.0,7036,intermediate,5.089,1.016,0.2339,False,120,False,
ENSG00000112339,HBS1L,0.102,0.02,7036,intermediate,6.496,0.729,0.3971,False,49,False,
ENSG00000070366,SMG6,0.1014,0.0,7036,intermediate,4.169,0.355,0.1237,False,138,False,
ENSG00000115274,INO80B,0.1013,0.0,7036,intermediate,7.048,0.331,0.0994,False,80,True,
ENSG00000169375,SIN3A,0.1006,0.0,7036,intermediate,10.919,0.232,0.0169,False,147,True,
ENSG00000182944,EWSR1,0.1004,0.5433,7036,intermediate,25.805,0.88,0.7062,True,116,True,
ENSG00000176407,KCMF1,0.1002,0.2833,7036,intermediate,5.902,0.544,0.3295,False,48,False,
ENSG00000095787,WAC,0.1001,0.0,7036,intermediate,6.883,0.762,0.4356,False,115,True,
ENSG00000110906,KCTD10,0.0992,0.0,7036,intermediate,9.499,0.509,0.3672,False,100,False,
ENSG00000132792,CTNNBL1,0.0991,0.0,7036,intermediate,4.048,0.564,0.1164,False,80,False,
ENSG00000105819,PMPCB,0.0988,0.01,7035,intermediate,4.742,0.274,0.0384,False,196,False,
ENSG00000244462,RBM12,0.0985,0.0,7036,intermediate,7.284,0.621,0.4802,False,89,True,
ENSG00000154839,SKA1,0.0977,0.0467,7036,intermediate,10.002,0.416,0.2328,False,58,False,
ENSG00000163660,CCNL1,0.0973,0.1533,7036,intermediate,15.096,0.608,0.4825,False,52,False,
ENSG00000090061,CCNK,0.0969,0.2367,7036,intermediate,8.351,0.355,0.1311,False,349,True,
ENSG00000135829,DHX9,0.0963,0.0,7036,intermediate,7.152,1.189,0.4636,False,89,True,
ENSG00000111615,KRR1,0.0961,0.0433,7036,intermediate,4.948,0.978,0.2235,False,16,False,
ENSG00000151503,NCAPD3,0.0953,0.0867,7036,intermediate,6.137,0.522,0.3586,False,11,True,
ENSG00000071243,ING3,0.0946,0.0033,7036,intermediate,4.185,0.401,0.1268,False,134,False,
ENSG00000011304,PTBP1,0.0945,0.0267,7036,intermediate,7.257,0.865,0.4761,False,43,True,
ENSG00000153391,INO80C,0.0942,0.0,7036,intermediate,11.128,0.522,0.3819,False,151,True,
ENSG00000241837,ATP5PO,0.0932,0.06,7036,intermediate,5.767,1.851,0.3129,False,139,True,
ENSG00000196323,ZBTB44,0.0932,0.4433,7036,intermediate,6.293,0.414,0.2271,False,79,False,
ENSG00000139436,GIT2,0.0923,0.3133,7036,intermediate,12.322,0.279,0.0441,False,52,False,
ENSG00000196367,TRRAP,0.092,0.0,7036,intermediate,11.885,0.295,0.0621,False,20,True,
ENSG00000010256,UQCRC1,0.0918,0.5233,7035,intermediate,8.314,0.821,0.5686,True,188,True,
ENSG00000164032,H2AZ1,0.0918,0.0,7036,intermediate,9.179,2.136,0.6351,True,274,True,
ENSG00000106682,EIF4H,0.0916,0.22,7036,intermediate,21.619,1.348,0.8836,True,169,False,
ENSG00000146576,INTS15,0.0912,0.0033,7035,intermediate,7.435,0.3,0.0667,False,380,True,
ENSG00000133103,COG6,0.0912,0.32,7036,intermediate,2.807,0.309,0.0353,False,96,False,
ENSG00000060688,SNRNP40,0.0912,0.1933,7035,intermediate,3.848,0.762,0.1008,False,229,False,
ENSG00000122952,ZWINT,0.09,0.4467,7036,intermediate,6.592,0.829,0.4075,False,51,True,
ENSG00000122783,CYREN,0.0898,0.0767,7036,intermediate,7.235,0.58,0.4542,False,45,False,
ENSG00000142784,WDTC1,0.0897,0.0033,7036,intermediate,4.009,0.295,0.061,False,71,False,
ENSG00000119523,ALG2,0.0885,0.0033,7036,intermediate,6.561,0.457,0.2927,False,78,True,
ENSG00000178035,IMPDH2,0.0885,0.01,7035,intermediate,5.403,1.255,0.2672,False,156,True,
ENSG00000102241,HTATSF1,0.088,0.2067,7036,intermediate,8.47,0.769,0.5821,True,61,False,
ENSG00000123349,PFDN5,0.0878,0.4833,7036,intermediate,14.56,2.1,0.8503,True,48,False,
ENSG00000137168,PPIL1,0.0878,0.29,7036,intermediate,9.4,0.477,0.322,False,156,True,
ENSG00000133895,MEN1,0.0877,0.5267,7036,intermediate,3.074,0.326,0.0416,False,100,True,
ENSG00000101189,MRGBP,0.0875,0.0167,7036,intermediate,4.732,0.633,0.1902,False,33,False,
ENSG00000188186,LAMTOR4,0.0874,0.0,7036,intermediate,24.86,1.329,0.8791,True,131,True,
ENSG00000119414,PPP6C,0.0873,0.0,7035,intermediate,12.842,0.555,0.4316,False,1581,True,
ENSG00000132773,TOE1,0.0873,0.41,7036,intermediate,10.003,0.411,0.2192,False,69,True,
ENSG00000119953,SMNDC1,0.0872,0.0,7036,intermediate,6.325,0.708,0.3794,False,80,False,
ENSG00000111229,ARPC3,0.0872,0.0567,7036,intermediate,12.913,1.482,0.7994,True,80,True,
ENSG00000165417,GTF2A1,0.0867,0.03,7036,intermediate,7.637,0.451,0.2836,False,40,True,
ENSG00000112984,KIF20A,0.0867,0.0,7036,intermediate,6.022,0.395,0.1876,False,9,True,
ENSG00000139977,NAA30,0.0867,0.0,7036,intermediate,6.935,0.393,0.1853,False,135,True,
ENSG00000065978,YBX1,0.0864,0.0067,7036,intermediate,8.821,3.137,0.604,True,29,True,
ENSG00000103657,HERC1,0.0862,0.04,7035,intermediate,6.647,0.477,0.3232,False,91,False,
ENSG00000165898,ISCA2,0.0861,0.0333,7036,intermediate,4.972,0.773,0.2266,False,146,True,
ENSG00000198700,IPO9,0.0855,0.02,7036,intermediate,5.812,0.719,0.3181,False,117,True,
ENSG00000028839,TBPL1,0.0848,0.0,7036,intermediate,10.937,0.544,0.4158,False,106,True,
ENSG00000147162,OGT,0.0842,0.2967,7036,intermediate,6.169,0.285,0.0565,False,43,False,
ENSG00000132485,ZRANB2,0.0836,0.0,7036,intermediate,14.534,1.105,0.8124,True,54,True,
ENSG00000112237,CCNC,0.0835,0.5,7036,intermediate,31.161,0.898,0.7119,True,128,True,
ENSG00000204256,BRD2,0.0833,0.0867,7036,intermediate,16.792,0.902,0.7141,True,83,False,
ENSG00000090054,SPTLC1,0.0829,0.2233,7036,intermediate,9.919,0.667,0.5469,True,34,False,
ENSG00000163527,STT3B,0.0826,0.17,7036,intermediate,6.058,0.679,0.3482,False,38,False,
ENSG00000128791,TWSG1,0.0824,0.2067,7036,intermediate,6.448,0.547,0.3919,False,19,False,
ENSG00000171960,PPIH,0.0821,0.2,7036,intermediate,4.578,0.708,0.1684,False,38,True,
ENSG00000140992,PDPK1,0.0821,0.28,7036,intermediate,5.48,0.543,0.2744,False,43,True,
ENSG00000172534,HCFC1,0.082,0.2067,7036,intermediate,3.291,0.389,0.0541,False,19,False,
ENSG00000198081,ZBTB14,0.0818,0.0733,7036,intermediate,4.939,,0.2204,False,58,True,
ENSG00000029363,BCLAF1,0.0818,0.1567,7036,intermediate,11.159,1.361,0.7443,True,82,True,
ENSG00000144580,CNOT9,0.0812,0.2733,7036,intermediate,6.033,0.532,0.342,False,33,True,
ENSG00000115091,ACTR3,0.0797,0.07,7036,intermediate,11.296,1.058,0.7505,True,21,False,
ENSG00000087157,PGS1,0.0793,0.5133,7036,intermediate,6.447,0.367,0.1537,False,96,True,
ENSG00000241468,ATP5MF,0.0791,0.08,7036,intermediate,10.401,1.766,0.7027,True,232,True,
ENSG00000185246,PRPF39,0.0787,0.0,7036,intermediate,8.737,0.409,0.2124,False,185,True,
ENSG00000155115,GTF3C6,0.0781,0.0133,7036,intermediate,6.765,1.402,0.4262,False,138,True,
ENSG00000132780,NASP,0.078,0.5067,7035,intermediate,0.599,1.193,0.0031,False,103,True,
ENSG00000115947,ORC4,0.078,0.29,7036,intermediate,2.202,0.481,0.0239,False,165,False,
ENSG00000156467,UQCRB,0.0777,0.38,7036,intermediate,13.666,1.784,0.8243,True,119,True,
ENSG00000134644,PUM1,0.0776,0.25,7036,intermediate,14.667,0.786,0.6542,True,82,False,
ENSG00000172922,RNASEH2C,0.0772,0.58,7036,intermediate,3.842,1.019,0.0977,False,144,False,
ENSG00000184863,RBM33,0.0771,0.0,7036,intermediate,14.11,0.542,0.4079,False,98,True,
ENSG00000079819,EPB41L2,0.0766,0.0167,7036,intermediate,5.871,0.724,0.3264,False,129,False,
ENSG00000152147,GEMIN6,0.0765,0.0033,7036,intermediate,5.318,0.617,0.2578,False,48,False,
ENSG00000107959,PITRM1,0.0758,0.16,7036,intermediate,8.502,0.691,0.5672,True,138,True,
ENSG00000115750,TAF1B,0.0756,0.2733,7036,intermediate,4.582,0.598,0.1705,False,12,False,
ENSG00000128463,EMC4,0.0754,0.4267,7036,intermediate,18.163,1.117,0.8158,True,87,True,
ENSG00000074935,TUBE1,0.0753,0.3167,7036,intermediate,4.496,0.309,0.0712,False,119,False,
ENSG00000056097,ZFR,0.0753,0.5433,7036,intermediate,7.982,0.977,0.5437,True,130,True,
ENSG00000181817,LSM10,0.0753,0.0,7036,intermediate,6.045,0.855,0.3441,False,102,True,
ENSG00000116750,UCHL5,0.075,0.0,7036,intermediate,9.096,0.828,0.6237,True,86,True,
ENSG00000108848,LUC7L3,0.0749,0.0,7036,intermediate,6.36,1.176,0.3825,False,14,False,
ENSG00000115652,UXS1,0.0748,0.3467,7036,intermediate,14.355,0.5,0.3548,False,166,True,
ENSG00000109118,PHF12,0.0747,0.0033,7036,intermediate,11.853,0.372,0.1593,False,52,True,
ENSG00000101247,NDUFAF5,0.0746,0.0067,7036,intermediate,2.526,0.356,0.0301,False,16,True,
ENSG00000156239,N6AMT1,0.0743,0.0367,7036,intermediate,3.828,0.339,0.0956,False,75,True,
ENSG00000135763,URB2,0.0742,0.0167,7036,intermediate,5.575,,0.29,False,40,False,
ENSG00000113194,FAF2,0.0737,0.04,7036,intermediate,6.495,0.698,0.396,False,118,False,
ENSG00000115866,DARS1,0.0737,0.0267,7036,intermediate,4.501,0.884,0.1528,False,32,True,
ENSG00000178127,NDUFV2,0.0735,0.0433,7036,intermediate,22.782,1.623,0.9288,True,84,False,
ENSG00000101972,STAG2,0.0735,0.2833,7036,intermediate,17.303,0.662,0.5412,True,127,True,
ENSG00000130725,UBE2M,0.0734,0.0,7036,intermediate,10.595,1.356,0.7131,True,279,False,
ENSG00000136715,SAP130,0.0732,0.0,7036,intermediate,5.108,0.275,0.0407,False,36,True,
ENSG00000164654,MIOS,0.0729,0.09,7036,intermediate,3.743,0.406,0.0884,False,131,True,
ENSG00000168374,ARF4,0.0725,0.0,7036,intermediate,8.153,1.388,0.5572,True,23,True,
ENSG00000099991,CABIN1,0.0723,0.03,7036,intermediate,4.684,0.361,0.1424,False,173,True,
ENSG00000164975,SNAPC3,0.0723,0.0,7036,intermediate,4.697,0.466,0.1809,False,126,False,
ENSG00000171159,BBLN,0.072,0.3967,7036,intermediate,24.47,1.153,0.835,True,160,False,
ENSG00000132676,DAP3,0.0717,0.0267,7035,intermediate,11.542,0.801,0.6689,True,142,False,
ENSG00000101442,ACTR5,0.0712,0.0433,7036,intermediate,10.616,,0.7162,False,63,True,
ENSG00000145982,FARS2,0.0708,0.1633,7036,intermediate,4.566,0.285,0.0542,False,29,True,
ENSG00000109270,LAMTOR3,0.0707,0.0,7036,intermediate,12.212,0.51,0.3695,False,38,True,
ENSG00000102144,PGK1,0.0707,0.6167,7036,intermediate,7.015,1.832,0.447,False,112,True,
ENSG00000035928,RFC1,0.0707,0.0367,7036,intermediate,3.955,0.796,0.1081,False,56,False,
ENSG00000122034,GTF3A,0.0705,0.2367,7036,intermediate,7.554,1.435,0.5021,True,37,False,
ENSG00000037897,METTL1,0.0702,0.5267,7036,intermediate,4.183,0.464,0.1258,False,105,True,
ENSG00000156831,NSMCE2,0.0698,0.02,7036,intermediate,4.126,0.517,0.1206,False,75,False,
ENSG00000065518,NDUFB4,0.0698,0.1567,7036,intermediate,18.326,1.384,0.8904,True,166,True,
ENSG00000135334,AKIRIN2,0.0698,0.25,7036,intermediate,9.975,0.632,0.5051,True,31,False,
ENSG00000140943,MBTPS1,0.0696,0.0133,7036,intermediate,10.987,0.699,0.574,True,190,True,
ENSG00000204469,PRRC2A,0.0694,0.0,7036,intermediate,12.97,0.762,0.6305,True,155,True,
ENSG00000100129,EIF3L,0.0693,0.5567,7036,intermediate,11.626,1.25,0.7609,True,120,False,
ENSG00000134186,PRPF38B,0.0691,0.34,7036,intermediate,3.065,0.769,0.0405,False,9,True,
ENSG00000155827,RNF20,0.0686,0.0033,7036,intermediate,5.282,0.499,0.2526,False,155,True,
ENSG00000162775,RBM15,0.0686,0.1567,7036,intermediate,5.624,,0.2963,False,213,True,
ENSG00000119421,NDUFA8,0.0681,0.53,7036,intermediate,13.202,1.141,0.8067,True,45,True,
ENSG00000116809,ZBTB17,0.0675,0.0,7036,intermediate,3.891,0.265,0.0282,False,285,False,
ENSG00000092020,PPP2R3C,0.0674,0.01,7036,intermediate,11.833,0.599,0.4757,False,134,True,
ENSG00000154832,CXXC1,0.0667,0.0,7036,intermediate,6.567,0.445,0.2746,False,93,True,
ENSG00000143374,TARS2,0.0666,0.0733,7036,intermediate,6.92,0.351,0.1243,False,190,True,
ENSG00000187961,KLHL17,0.0662,0.4167,7036,intermediate,6.012,,0.3378,False,117,False,
ENSG00000189308,LIN54,0.0661,0.0267,7036,intermediate,4.892,0.059,0.0011,False,163,False,
ENSG00000132466,ANKRD17,0.0658,0.09,7036,intermediate,7.391,0.447,0.278,False,35,False,
ENSG00000143164,DCAF6,0.0656,0.0133,7036,intermediate,8.861,0.613,0.4893,False,133,True,
ENSG00000127580,WDR24,0.0656,0.17,7035,intermediate,5.99,,0.3347,False,44,False,
ENSG00000138071,ACTR2,0.0655,0.0033,7036,intermediate,21.039,1.519,0.913,True,69,True,
ENSG00000134265,NAPG,0.0653,0.03,7035,intermediate,9.447,0.572,0.4475,False,226,False,
ENSG00000151239,TWF1,0.0652,0.0467,7036,intermediate,6.064,0.901,0.3493,False,686,True,
ENSG00000161513,FDXR,0.0652,0.0067,7036,intermediate,10.141,0.413,0.2249,False,116,False,
ENSG00000276234,TADA2A,0.0651,0.0,7036,intermediate,9.159,0.325,0.0881,False,119,False,
ENSG00000189007,ADAT2,0.0647,0.0967,7036,intermediate,7.226,,0.4699,False,72,True,
ENSG00000140307,GTF2A2,0.0644,0.09,7036,intermediate,8.57,1.464,0.5873,True,63,False,
ENSG00000165389,SPTSSA,0.0644,0.1533,7036,intermediate,7.81,0.761,0.5291,True,104,True,
ENSG00000164615,CAMLG,0.0643,0.28,7036,intermediate,5.656,0.79,0.3015,False,161,False,
ENSG00000180917,CMTR2,0.0641,0.46,7036,intermediate,3.319,0.162,0.0079,False,12,False,
ENSG00000090905,TNRC6A,0.0633,0.01,7036,intermediate,7.886,0.625,0.4994,False,112,True,
ENSG00000144381,HSPD1,0.0629,0.2067,7036,intermediate,7.844,1.583,0.5312,True,42,False,
ENSG00000198728,LDB1,0.0628,0.2067,7036,intermediate,13.586,0.341,0.1141,False,81,False,
ENSG00000149084,HSD17B12,0.0627,0.4,7036,intermediate,1.134,0.823,0.0104,False,335,False,
ENSG00000120963,ZNF706,0.062,0.57,7036,intermediate,18.645,0.964,0.748,True,208,False,
ENSG00000168924,LETM1,0.062,0.02,7036,intermediate,5.075,0.529,0.2308,False,163,True,
ENSG00000013374,NUB1,0.0616,0.15,7036,intermediate,12.174,0.762,0.6271,True,148,False,
ENSG00000114650,SCAP,0.0614,0.2433,7036,intermediate,5.765,0.347,0.1175,False,78,True,
ENSG00000164620,RELL2,0.0612,0.01,7036,intermediate,3.352,,0.0613,False,49,True,
ENSG00000139131,YARS2,0.061,0.51,7036,intermediate,7.486,0.659,0.4958,False,92,True,
ENSG00000109670,FBXW7,0.0609,0.0033,7035,intermediate,19.134,0.364,0.1469,False,203,True,
ENSG00000067225,PKM,0.0607,0.0233,7036,intermediate,14.897,2.314,0.8597,True,232,True,
ENSG00000036257,CUL3,0.0604,0.0333,7036,intermediate,10.109,1.053,0.685,True,102,True,
ENSG00000105705,SUGP1,0.0604,0.0,7036,intermediate,6.87,0.326,0.0893,False,28,True,
ENSG00000164077,MON1A,0.0604,0.0167,7036,intermediate,5.962,0.26,0.0249,False,175,False,
ENSG00000171720,HDAC3,0.0604,0.01,7036,intermediate,7.006,0.635,0.4449,False,59,True,
ENSG00000137411,VARS2,0.06,0.02,7036,intermediate,5.51,,0.2775,False,89,True,
ENSG00000151849,CENPJ,0.0595,0.0033,7036,intermediate,4.018,0.437,0.1154,False,51,False,
ENSG00000105698,USF2,0.0595,0.01,7036,intermediate,16.389,0.63,0.504,True,105,True,
ENSG00000130803,ZNF317,0.0593,0.38,7036,intermediate,10.88,,0.7287,False,92,False,
ENSG00000145386,CCNA2,0.0589,0.04,7036,intermediate,5.351,0.356,0.1333,False,13,True,
ENSG00000232838,PET117,0.0586,0.0,7036,intermediate,4.536,0.408,0.1611,False,155,False,
ENSG00000134852,CLOCK,0.0585,0.5533,7035,intermediate,9.12,0.538,0.4011,False,718,False,
ENSG00000213551,DNAJC9,0.0583,0.1633,7036,intermediate,6.037,1.142,0.343,False,22,False,
ENSG00000141098,GFOD2,0.0582,0.1033,7036,intermediate,10.005,0.398,0.1932,False,126,False,
ENSG00000178057,NDUFAF3,0.0581,0.0,7036,intermediate,25.428,1.243,0.8621,True,105,True,
ENSG00000136819,C9orf78,0.0579,0.0,7036,intermediate,6.382,0.843,0.3846,False,97,False,
ENSG00000071655,MBD3,0.0577,0.0067,7036,intermediate,18.777,0.655,0.5345,True,203,True,
ENSG00000060237,WNK1,0.0568,0.37,7036,intermediate,17.546,1.083,0.8056,True,109,False,
ENSG00000173674,EIF1AX,0.0566,0.38,7036,intermediate,3.597,1.636,0.078,False,62,False,
ENSG00000070495,JMJD6,0.0561,0.0,7036,intermediate,7.609,0.468,0.3119,False,185,False,
ENSG00000074800,ENO1,0.0558,0.0067,7036,intermediate,14.447,3.192,0.8462,True,112,True,
ENSG00000101421,CHMP4B,0.0556,0.47,7036,intermediate,11.636,0.664,0.5424,True,10,False,
ENSG00000188895,MSL1,0.0555,0.3933,7036,intermediate,4.64,0.397,0.1746,False,67,False,
ENSG00000213246,SUPT4H1,0.0554,0.19,7036,intermediate,2.442,0.94,0.027,False,21,False,
ENSG00000146834,MEPCE,0.0549,0.03,7036,intermediate,10.389,0.267,0.0316,False,59,False,
ENSG00000065268,WDR18,0.0544,0.0,7036,intermediate,5.577,0.566,0.2911,False,81,False,
ENSG00000147457,CHMP7,0.0544,0.32,7036,intermediate,15.6,0.486,0.3367,False,68,False,
ENSG00000196449,YRDC,0.0537,0.0,7036,intermediate,5.749,0.599,0.3067,False,281,False,
ENSG00000173757,STAT5B,0.0533,0.62,7036,intermediate,7.732,,0.5198,False,173,True,
ENSG00000205323,SARNP,0.053,0.11,7036,intermediate,13.154,0.975,0.7571,True,52,False,
ENSG00000166260,COX11,0.0519,0.13,7036,intermediate,4.706,0.71,0.184,False,116,True,
ENSG00000103502,CDIPT,0.0518,0.4333,7036,intermediate,13.336,0.638,0.5153,True,82,True,
ENSG00000155959,VBP1,0.0517,0.09,7036,intermediate,16.235,0.858,0.7006,True,83,True,
ENSG00000144867,SRPRB,0.0516,0.3967,7036,intermediate,7.236,0.584,0.4588,False,191,False,
ENSG00000090621,PABPC4,0.0513,0.1167,7036,intermediate,3.759,1.282,0.0894,False,84,False,
ENSG00000169976,SF3B5,0.0513,0.04,7036,intermediate,5.079,1.226,0.2318,False,82,False,
ENSG00000177700,POLR2L,0.0512,0.4733,7036,intermediate,4.579,1.826,0.1694,False,16,False,
ENSG00000164919,COX6C,0.0511,0.0033,7036,intermediate,16.947,1.534,0.8919,True,132,True,
ENSG00000114942,EEF1B2,0.0507,0.0033,7036,intermediate,18.467,3.171,0.9241,True,87,True,
ENSG00000087191,PSMC5,0.0507,0.4333,7035,intermediate,5.18,1.354,0.2432,False,106,False,
ENSG00000117505,DR1,0.0506,0.1933,7036,intermediate,20.185,0.744,0.6124,True,39,True,
ENSG00000168872,DDX19A,0.0506,0.5867,7036,intermediate,8.338,0.455,0.2904,False,400,False,
ENSG00000204209,DAXX,0.0505,0.12,7036,intermediate,17.264,0.589,0.4667,False,123,True,
ENSG00000104979,C19orf53,0.0504,0.1733,7036,intermediate,9.485,1.524,0.6507,True,12,False,
ENSG00000130706,ADRM1,0.0504,0.0,7036,intermediate,10.972,1.184,0.7349,True,85,False,
ENSG00000117751,PPP1R8,0.0503,0.0,7036,intermediate,4.365,0.509,0.1445,False,145,False,
ENSG00000109971,HSPA8,0.0498,0.4367,7036,intermediate,11.339,0.378,0.1672,False,148,True,
ENSG00000213639,PPP1CB,0.0496,0.3,7036,intermediate,13.982,0.718,0.5955,True,27,False,
ENSG00000141480,ARRB2,0.0496,0.29,7036,intermediate,4.263,0.353,0.1254,False,13,False,
ENSG00000131236,CAP1,0.0495,0.0,7036,intermediate,6.556,1.678,0.4023,False,35,True,
ENSG00000125148,MT2A,0.0495,0.0367,7036,intermediate,12.818,2.745,0.7942,True,59,False,
ENSG00000203760,CENPW,0.0493,0.16,7036,intermediate,4.338,1.094,0.1403,False,139,False,
ENSG00000170248,PDCD6IP,0.0493,0.0367,7036,intermediate,13.614,1.047,0.7932,True,213,False,
ENSG00000171148,TADA3,0.0491,0.0033,7036,intermediate,8.661,0.681,0.5582,True,68,True,
ENSG00000006715,VPS41,0.0489,0.1033,7036,intermediate,7.268,0.283,0.052,False,272,True,
ENSG00000054118,THRAP3,0.0489,0.6767,7035,intermediate,19.791,1.471,0.9051,True,131,True,
ENSG00000169020,ATP5ME,0.048,0.0633,7036,intermediate,13.448,1.395,0.816,True,136,True,
ENSG00000086061,DNAJA1,0.048,0.25,7036,intermediate,20.237,1.007,0.7718,True,176,False,
ENSG00000165792,METTL17,0.0478,0.0167,7036,intermediate,14.282,0.451,0.2847,False,118,True,
ENSG00000196655,TRAPPC4,0.0477,0.1067,7036,intermediate,10.505,1.093,0.7079,True,27,False,
ENSG00000134453,RBM17,0.0472,0.11,7036,intermediate,8.43,0.991,0.58,True,42,False,
ENSG00000120694,HSPH1,0.0471,0.3633,7036,intermediate,15.716,1.178,0.8418,True,26,False,
ENSG00000126524,SBDS,0.0471,0.0267,7036,intermediate,5.453,1.058,0.2713,False,87,True,
ENSG00000071994,PDCD2,0.0465,0.1633,7036,intermediate,1.346,0.897,0.0125,False,32,False,
ENSG00000100804,PSMB5,0.0459,0.3733,7036,intermediate,14.201,1.82,0.841,True,147,False,
ENSG00000111596,CNOT2,0.0457,0.0133,7036,intermediate,4.207,0.588,0.1299,False,67,False,
ENSG00000126012,KDM5C,0.0455,0.0067,7036,intermediate,23.19,0.403,0.2023,False,104,True,
ENSG00000160803,UBQLN4,0.0453,0.3233,7036,intermediate,6.217,0.328,0.0938,False,48,False,
ENSG00000141552,ANAPC11,0.0452,0.1267,7036,intermediate,6.235,1.103,0.368,False,84,False,
ENSG00000159131,GART,0.0452,0.38,7036,intermediate,5.597,0.766,0.2931,False,49,False,
ENSG00000166263,STXBP4,0.0451,0.1433,7036,intermediate,4.11,0.269,0.0339,False,143,True,
ENSG00000107833,NPM3,0.0448,0.01,7036,intermediate,8.376,0.835,0.5738,True,57,False,
ENSG00000065526,SPEN,0.0447,0.0167,7036,intermediate,9.131,0.793,0.6289,True,111,False,
ENSG00000205981,DNAJC19,0.0445,0.01,7036,intermediate,11.518,0.842,0.6915,True,127,False,
ENSG00000128272,ATF4,0.0445,0.5933,7036,intermediate,10.248,0.827,0.6836,True,49,True,
ENSG00000155666,KDM8,0.0441,0.1567,7036,intermediate,1.526,,0.0135,False,81,True,
ENSG00000021355,SERPINB1,0.0441,0.03,7036,intermediate,18.221,,0.9179,False,87,False,
ENSG00000090006,LTBP4,0.0441,0.56,7036,intermediate,4.524,0.296,0.0633,False,117,True,
ENSG00000123297,TSFM,0.0434,0.5167,7036,intermediate,13.018,0.772,0.6418,True,101,True,
ENSG00000116670,MAD2L2,0.0433,0.05,7036,intermediate,3.994,0.623,0.1133,False,234,False,
ENSG00000171793,CTPS1,0.0433,0.4067,7036,intermediate,3.289,0.792,0.053,False,26,True,
ENSG00000156162,DPY19L4,0.0432,0.0367,7036,intermediate,10.254,0.401,0.1989,False,188,False,
ENSG00000189043,NDUFA4,0.0432,0.01,7036,intermediate,38.241,1.843,0.9582,True,115,False,
ENSG00000127184,COX7C,0.0429,0.1933,7036,intermediate,8.866,2.004,0.6091,True,176,True,
ENSG00000140990,NDUFB10,0.0428,0.0233,7036,intermediate,10.993,1.83,0.737,True,97,True,
ENSG00000167522,ANKRD11,0.0428,0.02,7036,intermediate,17.034,1.469,0.8929,True,165,True,
ENSG00000138495,COX17,0.0426,0.33,7036,intermediate,12.852,0.893,0.7096,True,80,False,
ENSG00000175029,CTBP2,0.0425,0.27,7036,intermediate,0.461,0.65,0.001,False,97,False,
ENSG00000137845,ADAM10,0.0424,0.02,7036,intermediate,3.774,0.733,0.0915,False,384,False,
ENSG00000225921,NOL7,0.0423,0.18,7036,intermediate,3.262,1.243,0.052,False,60,False,
ENSG00000152601,MBNL1,0.0422,0.1833,7036,intermediate,5.582,0.703,0.2921,False,70,False,
ENSG00000137513,NARS2,0.0422,0.3,7036,intermediate,6.966,0.351,0.122,False,224,True,
ENSG00000055483,USP36,0.0421,0.27,7036,intermediate,3.402,0.484,0.0665,False,9,True,
ENSG00000028203,VEZT,0.0421,0.7033,7036,intermediate,4.155,0.64,0.1227,False,111,True,
ENSG00000142252,GEMIN7,0.0419,0.5433,7036,intermediate,5.937,0.541,0.3306,False,12,False,
ENSG00000182149,IST1,0.0419,0.5133,7036,intermediate,16.751,0.48,0.3254,False,187,True,
ENSG00000150907,FOXO1,0.0417,0.1567,7036,intermediate,6.398,,0.3857,False,65,True,
ENSG00000167118,URM1,0.0415,0.0767,7036,intermediate,7.917,0.684,0.5364,True,69,True,
ENSG00000145050,MANF,0.0414,0.2833,7036,intermediate,17.727,1.073,0.8045,True,178,True,
ENSG00000185122,HSF1,0.0414,0.0033,7036,intermediate,5.33,0.472,0.2599,False,22,False,
ENSG00000100201,DDX17,0.0413,0.6433,7036,intermediate,27.372,1.294,0.8734,True,179,True,
ENSG00000099783,HNRNPM,0.0411,0.0033,7036,intermediate,5.814,0.827,0.3191,False,108,False,
ENSG00000139168,ZCRB1,0.041,0.0067,7036,intermediate,4.834,1.152,0.2069,False,81,True,
ENSG00000168653,NDUFS5,0.041,0.51,7036,intermediate,11.676,1.83,0.763,True,109,True,
ENSG00000187778,MCRS1,0.0409,0.5833,7036,intermediate,4.752,0.284,0.0531,False,13,False,
ENSG00000163832,ELP6,0.0404,0.0033,7036,intermediate,6.124,0.576,0.3565,False,84,True,
ENSG00000136504,KAT7,0.0403,0.0033,7036,intermediate,6.607,0.491,0.3424,False,69,False,
ENSG00000104221,BRF2,0.0403,0.0,7036,intermediate,6.118,,0.3545,False,94,False,
ENSG00000214517,PPME1,0.0403,0.53,7036,intermediate,8.763,0.706,0.5831,True,169,False,
ENSG00000196950,SLC39A10,0.0399,0.0667,7036,intermediate,10.372,0.765,0.6316,True,142,False,
ENSG00000167985,SDHAF2,0.0398,0.6433,7036,intermediate,16.713,0.584,0.4599,False,193,False,
ENSG00000115446,UNC50,0.0398,0.2233,7036,intermediate,4.974,0.629,0.2277,False,32,False,
ENSG00000060339,CCAR1,0.0398,0.6867,7036,intermediate,2.355,1.14,0.026,False,119,True,
ENSG00000126953,TIMM8A,0.0395,0.0033,7036,intermediate,9.043,0.672,0.5525,True,150,False,
ENSG00000077312,SNRPA,0.0392,0.0033,7036,intermediate,4.694,0.919,0.1788,False,36,False,
ENSG00000134684,YARS1,0.0391,0.0333,7035,intermediate,7.46,0.757,0.4927,False,98,False,
ENSG00000151332,MBIP,0.039,0.1733,7036,intermediate,6.628,0.448,0.2791,False,34,True,
ENSG00000167553,TUBA1C,0.039,0.0667,7036,intermediate,17.607,1.626,0.9054,True,78,False,
ENSG00000171314,PGAM1,0.0386,0.02,7036,intermediate,4.654,2.221,0.1757,False,120,True,
ENSG00000135040,NAA35,0.0386,0.0167,7036,intermediate,6.635,0.565,0.4168,False,316,False,
ENSG00000141428,C18orf21,0.0386,0.36,7036,intermediate,5.87,0.417,0.235,False,8,False,
ENSG00000143771,CNIH4,0.0384,0.01,7036,intermediate,9.663,1.066,0.659,True,104,False,
ENSG00000155463,OXA1L,0.0381,0.25,7036,intermediate,20.697,0.718,0.5977,True,41,True,
ENSG00000068120,COASY,0.0379,0.47,7036,intermediate,3.187,0.496,0.0489,False,63,False,
ENSG00000170545,SMAGP,0.0379,0.0267,7036,intermediate,5.884,0.682,0.3274,False,176,False,
ENSG00000044090,CUL7,0.0379,0.0567,7036,intermediate,4.935,,0.2193,False,36,False,
ENSG00000167113,COQ4,0.0379,0.26,7036,intermediate,6.438,0.755,0.3898,False,41,True,
ENSG00000188994,ZNF292,0.0378,0.3067,7036,intermediate,9.107,0.812,0.6247,True,133,False,
ENSG00000143093,STRIP1,0.0378,0.0067,7036,intermediate,16.813,0.285,0.0554,False,128,False,
ENSG00000103257,SLC7A5,0.037,0.0067,7036,intermediate,5.755,0.585,0.3087,False,253,False,
ENSG00000198356,GET3,0.0369,0.43,7036,intermediate,5.724,0.963,0.3046,False,175,True,
ENSG00000134146,DPH6,0.0368,0.03,7036,intermediate,9.196,0.339,0.1107,False,127,True,
ENSG00000156990,RPUSD3,0.0368,0.3233,7036,intermediate,10.854,0.593,0.4689,False,112,True,
ENSG00000167543,TP53I13,0.0367,0.0333,7036,intermediate,4.917,0.503,0.2173,False,145,False,
ENSG00000168496,FEN1,0.0367,0.56,7036,intermediate,7.943,0.723,0.5405,True,50,False,
ENSG00000136908,DPM2,0.0366,0.01,7035,intermediate,6.626,0.75,0.4137,False,89,True,
ENSG00000088766,CRLS1,0.0365,0.28,7036,intermediate,11.816,0.557,0.435,False,51,True,
ENSG00000114933,INO80D,0.0365,0.0267,7036,intermediate,13.853,0.399,0.1955,False,59,False,
ENSG00000142864,SERBP1,0.0364,0.5467,7036,intermediate,4.893,2.188,0.2141,False,102,True,
ENSG00000196961,AP2A1,0.0359,0.1967,7036,intermediate,7.762,0.673,0.526,True,14,True,
ENSG00000108963,DPH1,0.0358,0.24,7035,intermediate,1.606,,0.0146,False,239,True,
ENSG00000163961,RNF168,0.0358,0.7367,7036,intermediate,10.67,0.58,0.4554,False,55,False,
ENSG00000084774,CAD,0.0357,0.5967,7036,intermediate,3.322,0.362,0.0572,False,96,True,
ENSG00000214113,LYRM4,0.0356,0.42,7036,intermediate,5.826,0.698,0.3212,False,20,False,
ENSG00000144426,NBEAL1,0.0355,0.5733,7036,intermediate,6.245,0.407,0.209,False,170,False,
ENSG00000197136,PCNX3,0.0353,0.4367,7036,intermediate,6.809,0.329,0.0949,False,176,True,
ENSG00000163041,H3-3A,0.035,0.03,7036,intermediate,27.906,2.545,0.9864,True,137,False,
ENSG00000168056,LTBP3,0.0349,0.36,7036,intermediate,5.867,0.715,0.3243,False,234,False,
ENSG00000092010,PSME1,0.0343,0.0733,7036,intermediate,32.244,1.181,0.8441,True,102,False,
ENSG00000110768,GTF2H1,0.0339,0.1733,7036,intermediate,4.237,0.635,0.1341,False,20,False,
ENSG00000095564,BTAF1,0.0339,0.7,7036,intermediate,16.473,0.505,0.3616,False,74,True,
ENSG00000175550,DRAP1,0.0338,0.0667,7036,intermediate,26.211,1.943,0.9672,True,148,False,
ENSG00000103540,CCP110,0.0338,0.17,7036,intermediate,10.143,0.493,0.3469,False,50,False,
ENSG00000124486,USP9X,0.0338,0.02,7036,intermediate,6.709,0.936,0.422,False,125,False,
ENSG00000147010,SH3KBP1,0.0337,0.6067,7036,intermediate,5.552,0.282,0.0508,False,34,False,
ENSG00000184983,NDUFA6,0.0337,0.3233,7036,intermediate,11.361,1.117,0.7536,True,110,True,
ENSG00000173085,COQ2,0.0334,0.2467,7036,intermediate,3.55,0.472,0.0738,False,195,True,
ENSG00000174173,TRMT10C,0.0328,0.0833,7036,intermediate,7.38,0.717,0.4844,False,105,True,
ENSG00000163349,HIPK1,0.0328,0.1433,7036,intermediate,4.409,0.413,0.1476,False,70,True,
ENSG00000170906,NDUFA3,0.0327,0.3,7036,intermediate,17.225,0.832,0.6881,True,181,True,
ENSG00000108010,GLRX3,0.0325,0.45,7035,intermediate,8.577,1.516,0.5894,True,83,True,
ENSG00000153574,RPIA,0.0325,0.2633,7036,intermediate,5.154,0.365,0.1514,False,36,False,
ENSG00000148396,SEC16A,0.0324,0.0433,7036,intermediate,5.563,0.462,0.2869,False,225,False,
ENSG00000066322,ELOVL1,0.032,0.05,7036,intermediate,19.524,0.929,0.7243,True,106,False,
ENSG00000181035,SLC25A42,0.0319,0.0233,7036,intermediate,8.339,,0.5707,False,53,False,
ENSG00000196865,NHLRC2,0.0319,0.6867,7036,intermediate,7.098,0.647,0.4584,False,76,True,
ENSG00000113068,PFDN1,0.0318,0.6667,7036,intermediate,13.412,1.038,0.7864,True,59,False,
ENSG00000134153,EMC7,0.0314,0.0067,7036,intermediate,29.866,1.029,0.7819,True,140,True,
ENSG00000188612,SUMO2,0.0313,0.0367,7036,intermediate,7.701,2.054,0.5166,True,38,False,
ENSG00000182504,CEP97,0.0313,0.27,7036,intermediate,7.228,0.414,0.2282,False,63,False,
ENSG00000169592,INO80E,0.031,0.0533,7036,intermediate,13.24,0.617,0.4915,False,81,True,
ENSG00000116754,SRSF11,0.0309,0.0433,7036,intermediate,4.151,0.449,0.1216,False,317,False,
ENSG00000185651,UBE2L3,0.0302,0.1933,7036,intermediate,34.599,1.599,0.9232,True,129,False,
ENSG00000134717,BTF3L4,0.0299,0.09,7036,intermediate,22.763,0.967,0.7503,True,277,False,
ENSG00000178952,TUFM,0.0299,0.4867,7036,intermediate,11.099,1.442,0.7401,True,176,True,
ENSG00000132463,GRSF1,0.0298,0.0233,7036,intermediate,27.056,0.986,0.7616,True,133,True,
ENSG00000173473,SMARCC1,0.0296,0.3533,7036,intermediate,12.655,1.145,0.7859,True,89,True,
ENSG00000152234,ATP5F1A,0.0295,0.12,7035,intermediate,14.778,1.629,0.8555,True,92,True,
ENSG00000068305,MEF2A,0.0294,0.0967,7036,intermediate,8.271,0.51,0.3684,False,24,False,
ENSG00000169446,MMGT1,0.0293,0.0533,7036,intermediate,14.511,0.534,0.3944,False,107,True,
ENSG00000183048,SLC25A10,0.0291,0.6967,7036,intermediate,3.22,0.105,0.0045,False,224,True,
ENSG00000037637,FBXO42,0.029,0.5667,7036,intermediate,9.768,0.355,0.1277,False,883,True,
ENSG00000073050,XRCC1,0.0286,0.04,7036,intermediate,9.933,0.465,0.304,False,107,False,
ENSG00000136238,RAC1,0.0285,0.48,7035,intermediate,6.859,2.029,0.4335,False,43,False,
ENSG00000185158,LRRC37B,0.0285,0.5767,7036,intermediate,5.156,,0.2401,False,88,False,
ENSG00000101132,PFDN4,0.0285,0.0767,7036,intermediate,9.307,0.769,0.6362,True,100,True,
ENSG00000153786,ZDHHC7,0.0284,0.0867,7036,intermediate,7.093,0.49,0.3401,False,405,False,
ENSG00000197713,RPE,0.0283,0.7133,7036,intermediate,8.394,0.58,0.4565,False,57,True,
ENSG00000074582,BCS1L,0.0281,0.68,7036,intermediate,7.42,0.452,0.2859,False,106,True,
ENSG00000165480,SKA3,0.0277,0.4033,7036,intermediate,7.118,0.47,0.3141,False,65,True,
ENSG00000123374,CDK2,0.0276,0.7033,7036,intermediate,13.332,0.418,0.2384,False,206,True,
ENSG00000173660,UQCRH,0.0275,0.0367,7036,intermediate,5.988,2.225,0.3337,False,51,False,
ENSG00000086200,IPO11,0.0274,0.02,7036,intermediate,6.003,0.391,0.1819,False,77,False,
ENSG00000124217,MOCS3,0.0267,0.06,7036,intermediate,3.604,,0.079,False,75,True,
ENSG00000247077,PGAM5,0.0267,0.0133,7035,intermediate,7.978,0.384,0.1729,False,182,False,
ENSG00000196943,NOP9,0.0266,0.24,7036,intermediate,2.823,,0.0374,False,39,False,
ENSG00000184678,H2BC21,0.0266,0.4467,7036,intermediate,9.966,,0.6746,False,111,False,
ENSG00000119013,NDUFB3,0.0265,0.1433,7036,intermediate,15.938,1.359,0.8721,True,138,False,
ENSG00000105656,ELL,0.0264,0.1433,7036,intermediate,4.095,0.189,0.0113,False,171,False,
ENSG00000250312,ZNF718,0.0261,0.11,7036,intermediate,7.09,0.072,0.0023,False,435,False,
ENSG00000133059,DSTYK,0.0258,0.0233,7036,intermediate,10.624,0.391,0.1808,False,269,False,
ENSG00000197020,ZNF100,0.0256,0.08,7036,intermediate,6.046,,0.3451,False,172,False,
ENSG00000274349,ZNF658,0.0255,0.0333,7036,intermediate,3.125,,0.0457,False,68,False,
ENSG00000105281,SLC1A5,0.0255,0.08,7036,intermediate,11.61,0.549,0.4237,False,1962,False,
ENSG00000142089,IFITM3,0.0255,0.0533,7036,intermediate,5.508,0.954,0.2765,False,55,False,
ENSG00000080819,CPOX,0.0254,0.7567,7036,intermediate,10.889,0.489,0.339,False,48,True,
ENSG00000156709,AIFM1,0.0254,0.1867,7036,intermediate,9.316,0.583,0.4576,False,115,True,
ENSG00000123415,SMUG1,0.0253,0.4433,7036,intermediate,10.007,0.396,0.1887,False,21,False,
ENSG00000122378,PRXL2A,0.0252,0.03,7036,intermediate,5.175,1.264,0.2412,False,70,False,
ENSG00000118513,MYB,0.025,0.6233,7036,intermediate,4.39,,0.1455,False,66,True,
ENSG00000076043,REXO2,0.025,0.0367,7036,intermediate,28.222,1.444,0.9006,True,81,False,
ENSG00000182093,GET1,0.0248,0.03,7036,intermediate,4.406,0.365,0.1466,False,113,True,
ENSG00000152684,PELO,0.0247,0.2267,7036,intermediate,4.761,0.38,0.1684,False,121,False,
ENSG00000186834,HEXIM1,0.0247,0.5667,7036,intermediate,15.111,0.417,0.2362,False,50,True,
ENSG00000179295,PTPN11,0.0246,0.0333,7036,intermediate,17.555,1.209,0.8531,True,175,False,
ENSG00000162636,EEIG2,0.0245,0.1833,7036,intermediate,8.728,,0.5946,False,81,False,
ENSG00000008324,SS18L2,0.0244,0.6067,7036,intermediate,8.562,0.608,0.4836,False,166,True,
ENSG00000196262,PPIA,0.0242,0.07,7036,intermediate,18.676,3.021,0.9283,True,119,False,
ENSG00000101901,ALG13,0.024,0.1767,7036,intermediate,10.453,0.565,0.4407,False,44,True,
ENSG00000092871,RFFL,0.0238,0.1,7036,intermediate,9.174,0.348,0.1186,False,24,False,
ENSG00000143373,ZNF687,0.0235,0.2967,7036,intermediate,12.594,,0.7848,False,112,False,
ENSG00000139719,VPS33A,0.0235,0.1867,7036,intermediate,4.535,0.458,0.1601,False,65,False,
ENSG00000140740,UQCRC2,0.0235,0.0267,7036,intermediate,8.021,0.972,0.5468,True,68,True,
ENSG00000121940,CLCC1,0.0233,0.3933,7036,intermediate,13.347,0.484,0.3322,False,94,True,
ENSG00000116906,GNPAT,0.0229,0.48,7036,intermediate,5.51,0.553,0.2786,False,12,True,
ENSG00000172466,ZNF24,0.0229,0.0533,7036,intermediate,4.448,0.573,0.1497,False,49,False,
ENSG00000181038,METTL23,0.0228,0.0433,7036,intermediate,24.298,0.627,0.5006,True,90,True,
ENSG00000148840,PPRC1,0.0227,0.06,7036,intermediate,5.441,0.537,0.2703,False,55,True,
ENSG00000063046,EIF4B,0.0223,0.1,7036,intermediate,10.126,1.607,0.6871,True,397,False,
ENSG00000170266,GLB1,0.0223,0.33,7036,intermediate,10.738,0.413,0.226,False,45,False,
ENSG00000146463,ZMYM4,0.0222,0.02,7036,intermediate,7.217,0.846,0.4688,False,83,False,
ENSG00000266412,NCOA4,0.0221,0.74,7036,intermediate,29.542,0.655,0.5333,True,106,False,
ENSG00000117697,NSL1,0.022,0.0667,7036,intermediate,4.745,0.758,0.1933,False,51,False,
ENSG00000125459,MSTO1,0.0219,0.0767,7036,intermediate,5.178,0.293,0.0599,False,50,False,
ENSG00000118193,KIF14,0.0219,0.7167,7036,intermediate,7.804,0.538,0.4023,False,130,True,
ENSG00000106028,SSBP1,0.0217,0.09,7036,intermediate,3.382,1.551,0.0644,False,53,True,
ENSG00000078674,PCM1,0.0214,0.0667,7036,intermediate,7.186,1.163,0.4667,False,28,False,
ENSG00000110955,ATP5F1B,0.0214,0.0933,7036,intermediate,6.087,1.968,0.3524,False,108,False,
ENSG00000089902,RCOR1,0.0213,0.1233,7036,intermediate,15.561,0.578,0.4531,False,81,True,
ENSG00000254999,BRK1,0.0212,0.0567,7036,intermediate,15.558,1.698,0.8669,True,49,True,
ENSG00000174996,KLC2,0.0211,0.0967,7036,intermediate,12.766,0.432,0.2576,False,103,False,
ENSG00000162601,MYSM1,0.0207,0.7367,7036,intermediate,15.454,0.477,0.3243,False,108,True,
ENSG00000179091,CYC1,0.0207,0.63,7036,intermediate,9.008,1.11,0.6164,True,92,True,
ENSG00000178502,KLHL11,0.0206,0.6267,7036,intermediate,4.52,,0.1549,False,120,False,
ENSG00000131069,ACSS2,0.02,0.1467,7036,intermediate,7.584,,0.5052,False,81,False,
ENSG00000160606,TLCD1,0.02,0.5033,7036,intermediate,5.47,0.301,0.0689,False,131,False,
ENSG00000176444,CLK2,0.0198,0.0433,7036,intermediate,4.852,,0.2089,False,78,False,
ENSG00000165525,NEMF,0.0197,0.1,7036,intermediate,14.0,0.879,0.7051,True,79,True,
ENSG00000087470,DNM1L,0.0196,0.1,7036,intermediate,7.248,0.962,0.4751,False,99,False,
ENSG00000100890,PRORP,0.0196,0.51,7036,intermediate,9.081,0.568,0.4441,False,152,True,
ENSG00000264364,DYNLL2,0.0195,0.0267,7036,intermediate,18.23,0.508,0.3638,False,219,False,
ENSG00000108468,CBX1,0.0195,0.0667,7036,intermediate,6.399,1.181,0.3867,False,125,False,
ENSG00000165264,NDUFB6,0.0195,0.6,7036,intermediate,21.89,1.124,0.8192,True,81,True,
ENSG00000105583,WDR83OS,0.0194,0.5633,7036,intermediate,4.574,1.411,0.1663,False,100,False,
ENSG00000180228,PRKRA,0.0192,0.69,7036,intermediate,14.468,0.608,0.4847,False,54,True,
ENSG00000158615,PPP1R15B,0.0192,0.19,7036,intermediate,12.309,0.399,0.1966,False,61,True,
ENSG00000110801,PSMD9,0.0192,0.0567,7036,intermediate,23.854,1.132,0.8237,True,64,False,
ENSG00000013561,RNF14,0.0192,0.1,7036,intermediate,14.137,0.424,0.2463,False,184,False,
ENSG00000112473,SLC39A7,0.0192,0.03,7036,intermediate,5.336,1.121,0.262,False,24,False,
ENSG00000172115,CYCS,0.0191,0.0533,7036,intermediate,5.325,1.631,0.2588,False,120,False,
ENSG00000100714,MTHFD1,0.0191,0.5767,7036,intermediate,10.46,0.907,0.7058,True,98,True,
ENSG00000197111,PCBP2,0.019,0.1367,7036,intermediate,3.398,0.787,0.0655,False,344,False,
ENSG00000186716,BCR,0.0189,0.6633,7036,intermediate,5.629,0.429,0.252,False,98,False,
ENSG00000182512,GLRX5,0.0187,0.72,7036,intermediate,6.773,1.232,0.4272,False,257,False,
ENSG00000138035,PNPT1,0.0186,0.77,7036,intermediate,5.227,0.724,0.2484,False,150,True,
ENSG00000185379,RAD51D,0.0185,0.3733,7036,intermediate,3.825,0.409,0.0946,False,125,False,
ENSG00000164180,TMEM161B,0.0185,0.0933,7036,intermediate,10.766,0.298,0.0644,False,59,False,
ENSG00000136270,TBRG4,0.0184,0.11,7036,intermediate,4.7,0.645,0.1819,False,9,False,
ENSG00000213619,NDUFS3,0.0184,0.0867,7036,intermediate,13.757,0.947,0.7345,True,120,False,
ENSG00000084090,STARD7,0.0181,0.2467,7036,intermediate,8.148,0.8,0.5551,True,78,True,
ENSG00000166169,POLL,0.0181,0.1233,7036,intermediate,9.433,0.406,0.2079,False,47,False,
ENSG00000160256,SLX9,0.0181,0.6967,7036,intermediate,7.183,0.701,0.4647,False,208,False,
ENSG00000100522,GNPNAT1,0.018,0.6167,7036,intermediate,3.638,0.853,0.0842,False,189,True,
ENSG00000196712,NF1,0.018,0.56,7036,intermediate,4.564,0.766,0.1642,False,64,False,
ENSG00000133398,MED10,0.0178,0.0767,7036,intermediate,5.527,0.488,0.2796,False,17,False,
ENSG00000184162,NR2C2AP,0.0176,0.17,7036,intermediate,17.407,0.36,0.139,False,23,True,
ENSG00000159202,UBE2Z,0.0175,0.0533,7036,intermediate,24.443,0.853,0.6983,True,71,False,
ENSG00000011376,LARS2,0.017,0.1533,7036,intermediate,7.01,0.356,0.1345,False,128,True,
ENSG00000112592,TBP,0.0169,0.5067,7036,intermediate,4.891,0.281,0.0497,False,85,False,
ENSG00000173436,MICOS10,0.0167,0.7633,7036,intermediate,11.063,1.905,0.738,True,184,True,
ENSG00000188486,H2AX,0.0166,0.4167,7036,intermediate,10.38,0.908,0.7006,True,109,False,
ENSG00000173120,KDM2A,0.0166,0.7367,7036,intermediate,10.543,0.481,0.3266,False,74,True,
ENSG00000147601,TERF1,0.0165,0.1267,7036,intermediate,11.148,0.589,0.4655,False,36,False,
ENSG00000196455,PIK3R4,0.0161,0.1267,7036,intermediate,9.428,0.337,0.1062,False,68,False,
ENSG00000119041,GTF3C3,0.0159,0.06,7036,intermediate,3.972,0.472,0.1102,False,71,False,
ENSG00000160691,SHC1,0.0158,0.54,7036,intermediate,9.732,0.805,0.6632,True,143,True,
ENSG00000172586,CHCHD1,0.0157,0.0867,7036,intermediate,13.612,1.301,0.8202,True,74,False,
ENSG00000131100,ATP6V1E1,0.0156,0.25,7036,intermediate,4.769,0.816,0.1985,False,58,False,
ENSG00000154813,DPH3,0.0156,0.09,7036,intermediate,7.993,0.619,0.4949,False,63,False,
ENSG00000175756,AURKAIP1,0.0151,0.5067,7036,intermediate,12.851,1.828,0.7963,True,29,False,
ENSG00000073584,SMARCE1,0.015,0.4867,7036,intermediate,9.43,1.297,0.6466,True,51,True,
ENSG00000125484,GTF3C4,0.0146,0.48,7036,intermediate,5.804,0.391,0.1831,False,942,True,
ENSG00000005448,WDR54,0.0146,0.6833,7036,intermediate,17.981,0.915,0.7209,True,246,False,
ENSG00000102125,TAFAZZIN,0.0146,0.2133,7036,intermediate,9.109,0.331,0.0983,False,98,False,
ENSG00000136856,SLC2A8,0.0143,0.2233,7036,intermediate,5.29,0.321,0.0859,False,53,False,
ENSG00000119335,SET,0.0143,0.58,7036,intermediate,9.67,1.87,0.6601,True,43,True,
ENSG00000147050,KDM6A,0.0139,0.7433,7036,intermediate,17.709,0.347,0.1164,False,213,True,
ENSG00000247626,MARS2,0.0139,0.41,7036,intermediate,0.854,,0.0052,False,91,False,
ENSG00000136807,CDK9,0.0138,0.15,7036,intermediate,6.407,0.401,0.2,False,32,False,
ENSG00000166908,PIP4K2C,0.0136,0.0933,7036,intermediate,10.532,0.11,0.0056,False,7,False,
ENSG00000149313,AASDHPPT,0.0135,0.4367,7036,intermediate,9.66,0.793,0.658,True,62,False,
ENSG00000105810,CDK6,0.0129,0.0933,7036,intermediate,7.711,0.117,0.0068,False,198,False,
ENSG00000029639,TFB1M,0.0127,0.6333,7036,intermediate,8.115,0.49,0.3412,False,111,True,
ENSG00000149809,TM7SF2,0.0127,0.17,7036,intermediate,9.426,0.277,0.0418,False,160,False,
ENSG00000171552,BCL2L1,0.0127,0.34,7036,intermediate,11.168,0.543,0.4113,False,414,False,
ENSG00000138778,CENPE,0.0123,0.2433,7036,intermediate,5.538,0.717,0.2838,False,34,False,
ENSG00000130429,ARPC1B,0.0123,0.5533,7036,intermediate,22.903,1.582,0.9209,True,35,True,
ENSG00000138107,ACTR1A,0.0121,0.7233,7036,intermediate,18.847,0.524,0.3876,False,139,False,
ENSG00000126821,SGPP1,0.0117,0.1067,7036,intermediate,16.351,0.234,0.0181,False,105,False,
ENSG00000229676,ZNF492,0.0114,0.08,7036,intermediate,4.343,,0.1414,False,101,False,
ENSG00000010322,NISCH,0.0114,0.58,7036,intermediate,15.932,0.328,0.0927,False,167,False,
ENSG00000145604,SKP2,0.0112,0.54,7036,intermediate,9.404,0.35,0.1209,False,38,False,
ENSG00000172171,TEFM,0.011,0.5933,7036,intermediate,6.141,0.361,0.1412,False,100,True,
ENSG00000105676,ARMC6,0.0109,0.67,7036,intermediate,9.836,0.371,0.1582,False,91,False,
ENSG00000203485,INF2,0.0109,0.54,7036,intermediate,13.375,0.64,0.5186,True,117,False,
ENSG00000133606,MKRN1,0.0108,0.5033,7036,intermediate,5.43,0.439,0.2644,False,187,False,
ENSG00000169016,E2F6,0.0107,0.4867,7036,intermediate,5.75,0.322,0.087,False,156,False,
ENSG00000142657,PGD,0.0107,0.2367,7036,intermediate,3.769,0.938,0.0904,False,102,False,
ENSG00000160679,CHTOP,0.0105,0.6867,7036,intermediate,9.819,0.683,0.5627,True,147,False,
ENSG00000125037,EMC3,0.0102,0.6133,7036,intermediate,16.65,0.266,0.0305,False,153,False,
ENSG00000163002,NUP35,0.0101,0.29,7036,intermediate,10.178,0.376,0.1661,False,65,True,
ENSG00000099942,CRKL,0.0101,0.4,7036,intermediate,23.886,0.32,0.0825,False,37,False,
ENSG00000142507,PSMB6,0.0098,0.59,7036,intermediate,6.36,1.485,0.3815,False,68,False,
ENSG00000214114,MYCBP,0.0096,0.64,7036,intermediate,10.597,0.386,0.1751,False,23,False,
ENSG00000183513,COA5,0.0095,0.11,7036,intermediate,6.415,0.544,0.3888,False,135,True,
ENSG00000156928,MALSU1,0.0092,0.12,7036,intermediate,8.955,1.056,0.6112,True,170,False,
ENSG00000269858,EGLN2,0.0088,0.7967,7036,intermediate,13.953,0.618,0.4938,False,162,False,
ENSG00000174886,NDUFA11,0.0084,0.12,7036,intermediate,16.463,1.716,0.8825,True,120,False,
ENSG00000042753,AP2S1,0.0079,0.1133,7036,intermediate,3.845,2.536,0.0998,False,67,False,
ENSG00000143442,POGZ,0.0078,0.2433,7035,intermediate,5.6,0.486,0.2942,False,127,False,
ENSG00000275023,MLLT6,0.0073,0.53,7035,T-specific,10.058,0.46,0.2972,False,105,False,
ENSG00000187801,ZFP69B,0.0071,0.2067,7036,T-specific,6.9,,0.4366,False,283,False,
ENSG00000108091,CCDC6,0.007,0.7933,7036,T-specific,8.2,0.703,0.5593,True,1086,True,
ENSG00000135069,PSAT1,0.007,0.8133,7036,T-specific,6.271,0.654,0.3732,False,160,False,
ENSG00000146457,WTAP,0.0069,0.1567,7036,T-specific,4.197,0.774,0.1289,False,384,True,
ENSG00000107951,MTPAP,0.0068,0.1567,7036,T-specific,8.485,0.264,0.0271,False,84,True,
ENSG00000134900,TPP2,0.0066,0.7933,7036,T-specific,9.142,0.524,0.3864,False,17,False,
ENSG00000170190,SLC16A5,0.0065,0.57,7036,T-specific,2.59,,0.0312,False,22,True,
ENSG00000119801,YPEL5,0.0065,0.16,7036,T-specific,11.529,0.405,0.2034,False,75,True,
ENSG00000112576,CCND3,0.0064,0.3033,7036,T-specific,13.063,0.552,0.4271,False,83,True,
ENSG00000137692,DCUN1D5,0.0059,0.4233,7036,T-specific,11.891,0.989,0.7638,True,87,False,
ENSG00000117481,NSUN4,0.0059,0.33,7036,T-specific,8.151,0.287,0.0576,False,124,True,
ENSG00000204482,LST1,0.0059,0.35,7036,T-specific,7.995,,0.5457,False,157,False,
ENSG00000172531,PPP1CA,0.0058,0.1767,7036,T-specific,22.568,0.682,0.5616,True,177,False,
ENSG00000169062,UPF3A,0.0058,0.6267,7036,T-specific,8.399,0.931,0.5769,True,33,False,
ENSG00000105176,URI1,0.0057,0.16,7036,T-specific,6.815,0.955,0.4324,False,86,False,
ENSG00000175376,EIF1AD,0.0056,0.3133,7036,T-specific,4.251,0.375,0.1351,False,20,False,
ENSG00000092148,HECTD1,0.0055,0.1867,7036,T-specific,8.867,1.021,0.6102,True,86,True,
ENSG00000102786,INTS6,0.0054,0.15,7036,T-specific,13.93,0.521,0.3808,False,31,True,
ENSG00000163902,RPN1,0.0053,0.2,7036,T-specific,6.631,1.102,0.4158,False,70,True,
ENSG00000069329,VPS35,0.0052,0.3167,7035,T-specific,8.21,1.137,0.5603,True,136,True,
ENSG00000104695,PPP2CB,0.0051,0.1933,7036,T-specific,4.587,0.684,0.1715,False,95,False,
ENSG00000132591,ERAL1,0.005,0.18,7036,T-specific,10.752,0.469,0.313,False,129,False,
ENSG00000185201,IFITM2,0.005,0.3733,7036,T-specific,11.094,0.696,0.5684,True,43,False,
ENSG00000140694,PARN,0.005,0.1333,7036,T-specific,11.572,0.544,0.4147,False,156,False,
ENSG00000162396,PARS2,0.0049,0.43,7036,T-specific,3.434,,0.0696,False,292,True,
ENSG00000099795,NDUFB7,0.0047,0.5933,7036,T-specific,7.184,1.55,0.4657,False,106,True,
ENSG00000186026,ZNF284,0.0046,0.8067,7036,T-specific,5.349,,0.263,False,127,False,
ENSG00000108312,UBTF,0.0044,0.14,7036,T-specific,4.258,0.306,0.0701,False,297,False,
ENSG00000108061,SHOC2,0.0043,0.2233,7036,T-specific,20.864,0.63,0.5028,True,59,True,
ENSG00000153814,JAZF1,0.0042,0.41,7036,T-specific,4.857,0.205,0.0124,False,237,False,
ENSG00000131725,WDR44,0.0041,0.76,7036,T-specific,6.551,0.361,0.1435,False,92,True,
ENSG00000099246,RAB18,0.0038,0.6733,7036,T-specific,14.013,0.816,0.6757,True,48,False,
ENSG00000108064,TFAM,0.0037,0.8367,7035,T-specific,16.085,0.823,0.6814,True,3580,True,
ENSG00000106153,CHCHD2,0.0032,0.2567,7036,T-specific,7.925,2.747,0.5374,True,94,False,
ENSG00000027001,MIPEP,0.0032,0.8033,7036,T-specific,7.56,0.382,0.1695,False,82,True,
ENSG00000181751,MACIR,0.0032,0.6267,7036,T-specific,5.773,0.522,0.3139,False,45,False,
ENSG00000250571,GLI4,0.0029,0.19,7036,T-specific,7.758,0.28,0.0475,False,62,False,
ENSG00000001084,GCLC,0.0028,0.3833,7036,T-specific,4.19,0.312,0.0757,False,198,False,
ENSG00000249915,PDCD6,0.0026,0.49,7036,T-specific,19.28,1.184,0.8452,True,119,False,
ENSG00000119729,RHOQ,0.0026,0.8067,7036,T-specific,4.884,0.64,0.211,False,347,False,
ENSG00000111358,GTF2H3,0.0025,0.3,7036,T-specific,7.413,0.672,0.4865,False,67,False,
ENSG00000108784,NAGLU,0.0024,0.7767,7036,T-specific,4.916,0.431,0.2162,False,259,False,
ENSG00000105229,PIAS4,0.0024,0.39,7036,T-specific,9.773,0.274,0.0373,False,86,False,
ENSG00000163754,GYG1,0.0023,0.78,7036,T-specific,6.978,0.676,0.4439,False,294,False,
ENSG00000163781,TOPBP1,0.0022,0.2133,7036,T-specific,1.094,0.672,0.0094,False,19,True,
ENSG00000089195,TRMT6,0.0019,0.1567,7036,T-specific,2.82,0.541,0.0364,False,117,False,
ENSG00000136159,NUDT15,0.0018,0.63,7036,T-specific,7.976,0.536,0.3966,False,74,False,
ENSG00000244045,TMEM199,0.0017,0.5667,7036,T-specific,5.558,0.504,0.2859,False,78,False,
ENSG00000166272,WBP1L,0.0016,0.38,7036,T-specific,6.514,0.17,0.009,False,121,False,
ENSG00000168264,IRF2BP2,0.0012,0.73,7036,T-specific,8.574,0.27,0.035,False,105,False,
ENSG00000105397,TYK2,0.001,0.3767,7036,T-specific,17.87,0.22,0.0147,False,60,True,
ENSG00000111364,DDX55,0.0009,0.4933,7036,T-specific,7.13,0.466,0.3051,False,78,False,
ENSG00000162735,PEX19,0.0008,0.26,7036,T-specific,21.309,0.457,0.2949,False,69,False,
ENSG00000134057,CCNB1,0.0007,0.1933,7036,T-specific,4.523,0.753,0.1559,False,108,False,
ENSG00000162851,TFB2M,0.0007,0.17,7036,T-specific,7.233,0.407,0.2102,False,108,False,
ENSG00000099949,LZTR1,0.0006,0.7733,7036,T-specific,5.313,,0.2568,False,207,False,
ENSG00000157216,SSBP3,0.0003,0.2533,7036,T-specific,25.93,0.311,0.0746,False,447,False,
ENSG00000111011,RSRC2,0.0003,0.1533,7036,T-specific,5.239,0.666,0.2516,False,70,False,
ENSG00000256525,POLG2,-0.0001,0.81,7036,T-specific,5.538,,0.2827,False,92,True,
ENSG00000134809,TIMM10,-0.0003,0.4667,7036,T-specific,7.736,0.952,0.5208,True,110,False,
ENSG00000157349,DDX19B,-0.0006,0.4433,7036,T-specific,9.614,0.354,0.1266,False,369,False,
ENSG00000176953,NFATC2IP,-0.0013,0.36,7036,T-specific,12.067,0.571,0.4463,False,150,False,
ENSG00000141867,BRD4,-0.0013,0.3267,7036,T-specific,7.675,0.394,0.1864,False,77,False,
ENSG00000239779,WBP1,-0.0013,0.8167,7036,T-specific,11.738,0.54,0.4034,False,56,False,
ENSG00000033800,PIAS1,-0.0013,0.1833,7036,T-specific,4.178,0.373,0.1247,False,67,True,
ENSG00000144741,SLC25A26,-0.0014,0.4167,7036,T-specific,6.169,0.209,0.0136,False,50,False,
ENSG00000061273,HDAC7,-0.0014,0.3733,7036,T-specific,10.89,0.448,0.2802,False,95,True,
ENSG00000121858,TNFSF10,-0.0015,0.48,7036,T-specific,14.056,,0.8378,False,12,False,
ENSG00000172046,USP19,-0.0017,0.1833,7036,T-specific,12.101,,0.7755,False,122,False,
ENSG00000064666,CNN2,-0.0018,0.1767,7036,T-specific,34.599,1.056,0.7977,True,236,False,
ENSG00000091157,WDR7,-0.0022,0.7167,7036,T-specific,2.054,,0.0187,False,86,True,
ENSG00000071859,FAM50A,-0.0023,0.2233,7036,T-specific,28.179,1.032,0.7831,True,123,False,
ENSG00000107815,TWNK,-0.0023,0.85,7036,T-specific,5.567,0.33,0.096,False,95,True,
ENSG00000147669,POLR2K,-0.0024,0.4033,7036,T-specific,3.322,0.934,0.0582,False,25,False,
ENSG00000155858,LSM11,-0.0027,0.3767,7036,T-specific,3.162,,0.0478,False,15,False,
ENSG00000186665,C17orf58,-0.0027,0.3267,7036,T-specific,8.144,0.388,0.1774,False,189,False,
ENSG00000135956,TMEM127,-0.0028,0.2567,7036,T-specific,7.063,0.411,0.2203,False,98,False,
ENSG00000125995,ROMO1,-0.0029,0.4167,7036,T-specific,4.557,0.904,0.1622,False,12,False,
ENSG00000177885,GRB2,-0.0032,0.5267,7035,T-specific,10.278,0.494,0.3492,False,186,False,
ENSG00000162517,PEF1,-0.0033,0.83,7036,T-specific,32.287,0.725,0.6045,True,46,False,
ENSG00000177917,ARL6IP6,-0.0038,0.5067,7036,T-specific,7.749,0.373,0.1616,False,17,False,
ENSG00000262919,CCNQ,-0.0039,0.7567,7036,T-specific,6.625,0.511,0.3706,False,42,True,
ENSG00000110200,ANAPC15,-0.0042,0.6733,7036,T-specific,12.686,0.256,0.0226,False,532,False,
ENSG00000100027,YPEL1,-0.0048,0.36,7036,T-specific,5.237,,0.2495,False,77,False,
ENSG00000175283,DOLK,-0.0048,0.86,7036,T-specific,4.236,0.416,0.132,False,121,False,
ENSG00000167535,CACNB3,-0.0048,0.82,7036,T-specific,6.162,0.237,0.0215,False,244,False,
ENSG00000140043,PTGR2,-0.005,0.4833,7036,T-specific,5.574,,0.289,False,98,False,
ENSG00000183011,NAA38,-0.0059,0.5933,7035,T-specific,6.292,0.268,0.0328,False,90,False,
ENSG00000110536,PTPMT1,-0.0059,0.8,7036,T-specific,2.191,0.558,0.0229,False,103,False,
ENSG00000101246,ARFRP1,-0.006,0.4967,7036,T-specific,3.641,0.434,0.0852,False,116,False,
ENSG00000009335,UBE3C,-0.0064,0.3933,7036,T-specific,24.619,0.635,0.5085,True,86,False,
ENSG00000065882,TBC1D1,-0.0065,0.3167,7036,T-specific,8.565,0.274,0.0395,False,17,False,
ENSG00000136448,NMT1,-0.0065,0.3233,7036,T-specific,4.965,0.66,0.2256,False,72,False,
ENSG00000154727,GABPA,-0.0066,0.3,7036,T-specific,7.737,0.372,0.1605,False,67,True,
ENSG00000198836,OPA1,-0.0068,0.2433,7036,T-specific,7.128,0.775,0.4605,False,61,False,
ENSG00000110871,COQ5,-0.0072,0.6233,7036,T-specific,7.941,0.511,0.3718,False,78,True,
ENSG00000139641,ESYT1,-0.0076,0.55,7036,T-specific,13.552,0.32,0.0814,False,76,False,
ENSG00000167863,ATP5PD,-0.0079,0.2533,7036,T-specific,8.844,1.315,0.6071,True,207,True,
ENSG00000204435,CSNK2B,-0.008,0.41,7036,T-specific,5.835,1.29,0.3233,False,78,False,
ENSG00000099194,SCD,-0.0083,0.6733,7036,T-specific,9.066,0.418,0.2395,False,138,True,
ENSG00000168807,SNTB2,-0.0085,0.7867,7036,T-specific,13.56,0.658,0.5367,True,57,False,
ENSG00000137497,NUMA1,-0.009,0.3967,7036,T-specific,9.702,0.389,0.1797,False,17,False,
ENSG00000116017,ARID3A,-0.0091,0.84,7036,T-specific,8.282,,0.5634,False,119,False,
ENSG00000008128,CDK11A,-0.0096,0.5333,7036,T-specific,4.948,0.279,0.0452,False,82,False,
ENSG00000180104,EXOC3,-0.0096,0.47,7036,T-specific,5.387,0.471,0.2651,False,54,False,
ENSG00000155846,PPARGC1B,-0.0096,0.4267,7036,T-specific,6.255,,0.3721,False,77,False,
ENSG00000213516,RBMXL1,-0.0097,0.3467,7036,T-specific,6.596,0.28,0.0463,False,89,False,
ENSG00000166136,NDUFB8,-0.0097,0.82,7036,T-specific,17.259,1.904,0.896,True,154,False,
ENSG00000166598,HSP90B1,-0.0098,0.8,7036,T-specific,6.602,2.274,0.4096,False,144,False,
ENSG00000025800,KPNA6,-0.0101,0.69,7035,T-specific,5.981,0.759,0.3326,False,37,False,
ENSG00000256771,ZNF253,-0.0109,0.3967,7036,T-specific,6.24,,0.3701,False,158,False,
ENSG00000089159,PXN,-0.011,0.2433,7036,T-specific,24.827,0.492,0.3446,False,150,False,
ENSG00000152795,HNRNPDL,-0.0111,0.46,7036,T-specific,4.352,1.477,0.1424,False,14,True,
ENSG00000058272,PPP1R12A,-0.0112,0.3133,7036,T-specific,23.544,1.128,0.8226,True,52,False,
ENSG00000198231,DDX42,-0.0115,0.81,7036,T-specific,5.775,0.523,0.315,False,118,True,
ENSG00000103356,EARS2,-0.0116,0.8833,7036,T-specific,5.081,,0.2328,False,129,True,
ENSG00000116455,WDR77,-0.012,0.6367,7036,T-specific,6.96,0.451,0.2825,False,111,False,
ENSG00000010810,FYN,-0.012,0.6867,7036,T-specific,4.805,0.662,0.2027,False,152,False,
ENSG00000006695,COX10,-0.0123,0.8767,7036,T-specific,3.893,0.321,0.0836,False,167,True,
ENSG00000034510,TMSB10,-0.0129,0.31,7036,T-specific,37.614,4.432,0.999,True,81,False,
ENSG00000033327,GAB2,-0.0129,0.8633,7036,T-specific,8.806,,0.6019,False,782,True,
ENSG00000174842,GLMN,-0.0133,0.28,7036,T-specific,4.36,0.434,0.1435,False,13,False,
ENSG00000276410,H2BC3,-0.0134,0.3133,7036,T-specific,7.61,,0.5114,False,109,False,
ENSG00000169750,RAC3,-0.0143,0.87,7036,T-specific,6.621,0.651,0.4116,False,130,False,
ENSG00000115685,PPP1R7,-0.0146,0.6767,7036,T-specific,21.047,0.816,0.6746,True,54,True,
ENSG00000144034,TPRKB,-0.0147,0.4767,7036,T-specific,5.822,0.872,0.3202,False,134,False,
ENSG00000131828,PDHA1,-0.0152,0.3733,7036,T-specific,8.703,0.885,0.5936,True,27,True,
ENSG00000121621,KIF18A,-0.0153,0.5,7036,T-specific,7.9,0.504,0.3593,False,26,False,
ENSG00000100911,PSME2,-0.0158,0.8767,7036,T-specific,12.693,1.193,0.7879,True,106,False,
ENSG00000162337,LRP5,-0.0161,0.4267,7036,T-specific,10.658,0.317,0.0791,False,107,True,
ENSG00000100664,EIF5,-0.0162,0.3433,7036,T-specific,9.086,1.035,0.6227,True,33,False,
ENSG00000163156,SCNM1,-0.0163,0.88,7036,T-specific,9.646,0.501,0.3559,False,85,False,
ENSG00000138756,BMP2K,-0.0164,0.35,7036,T-specific,10.866,0.4,0.1977,False,23,False,
ENSG00000132522,GPS2,-0.0164,0.9067,7036,T-specific,14.776,0.729,0.6056,True,127,True,
ENSG00000130695,CEP85,-0.0165,0.91,7036,T-specific,2.774,,0.0343,False,67,False,
ENSG00000146540,C7orf50,-0.0166,0.8667,7036,T-specific,5.057,0.483,0.2297,False,93,False,
ENSG00000166233,ARIH1,-0.0168,0.8867,7036,T-specific,13.394,0.585,0.461,False,57,True,
ENSG00000215251,FASTKD5,-0.0169,0.35,7036,T-specific,12.35,0.277,0.0429,False,119,True,
ENSG00000167987,VPS37C,-0.017,0.3,7036,T-specific,0.913,,0.0062,False,116,False,
ENSG00000136720,HS6ST1,-0.0173,0.98,7036,T-specific,6.581,,0.4064,False,142,False,
ENSG00000129347,KRI1,-0.0178,0.7233,7036,T-specific,5.199,0.412,0.2215,False,43,False,
ENSG00000035141,FAM136A,-0.018,0.4467,7035,T-specific,9.331,1.046,0.6393,True,528,True,
ENSG00000126461,SCAF1,-0.0182,0.3033,7036,T-specific,8.794,0.369,0.1571,False,73,False,
ENSG00000156502,SUPV3L1,-0.0183,0.9133,7036,T-specific,7.266,0.421,0.2441,False,101,False,
ENSG00000140521,POLG,-0.0184,0.8933,7036,T-specific,10.143,0.41,0.2169,False,77,True,
ENSG00000167965,MLST8,-0.0185,0.7667,7036,T-specific,11.695,0.595,0.4701,False,94,True,
ENSG00000111237,VPS29,-0.0185,0.67,7036,T-specific,3.432,1.237,0.0686,False,98,True,
ENSG00000130348,QRSL1,-0.0186,0.9233,7036,T-specific,9.595,0.405,0.2045,False,199,True,
ENSG00000162129,CLPB,-0.0192,0.88,7036,T-specific,4.74,0.442,0.1913,False,82,True,
ENSG00000132768,DPH2,-0.0193,0.58,7036,T-specific,5.533,0.368,0.1548,False,57,True,
ENSG00000198736,MSRB1,-0.0195,0.8967,7036,T-specific,9.881,0.383,0.1718,False,125,False,
ENSG00000099956,SMARCB1,-0.0198,0.46,7036,T-specific,9.378,0.558,0.4373,False,141,True,
ENSG00000054116,TRAPPC3,-0.0198,0.32,7036,T-specific,3.34,0.966,0.0603,False,77,False,
ENSG00000110851,PRDM4,-0.0201,0.3267,7036,T-specific,9.003,0.396,0.1898,False,108,False,
ENSG00000128789,PSMG2,-0.0202,0.5433,7036,T-specific,8.973,0.845,0.6123,True,57,False,
ENSG00000165775,FUNDC2,-0.0203,0.4867,7036,T-specific,5.727,0.643,0.3056,False,44,True,
ENSG00000169217,CD2BP2,-0.0209,0.2667,7036,T-specific,8.03,0.681,0.5489,True,62,True,
ENSG00000129933,MAU2,-0.0209,0.3267,7036,T-specific,4.771,0.258,0.0237,False,29,True,
ENSG00000111711,GOLT1B,-0.0224,0.4233,7036,T-specific,5.489,0.801,0.2755,False,148,True,
ENSG00000094914,AAAS,-0.0224,0.4267,7036,T-specific,4.832,0.485,0.2058,False,86,False,
ENSG00000120656,TAF12,-0.023,0.7467,7036,T-specific,8.377,0.603,0.4791,False,13,False,
ENSG00000161960,EIF4A1,-0.023,0.29,7036,T-specific,13.078,2.677,0.8046,True,51,True,
ENSG00000072506,HSD17B10,-0.0232,0.8333,7035,T-specific,13.687,0.876,0.704,True,848,True,
ENSG00000134324,LPIN1,-0.0232,0.5567,7036,T-specific,8.831,0.331,0.0972,False,46,False,
ENSG00000234545,FAM133B,-0.0236,0.45,7036,T-specific,7.446,0.443,0.2712,False,33,False,
ENSG00000090889,KIF4A,-0.0241,0.3433,7036,T-specific,5.108,0.59,0.236,False,80,False,
ENSG00000278619,MRM1,-0.0241,0.8533,7036,T-specific,8.741,,0.5977,False,29,False,
ENSG00000137288,UQCC2,-0.0241,0.66,7036,T-specific,4.773,1.395,0.2006,False,8,False,
ENSG00000239305,RNF103,-0.0246,0.5567,7036,T-specific,9.138,0.171,0.0102,False,75,False,
ENSG00000169249,ZRSR2,-0.0247,0.92,7036,T-specific,5.211,0.321,0.0847,False,217,True,
ENSG00000188321,ZNF559,-0.025,0.85,7036,T-specific,2.712,,0.0333,False,57,False,
ENSG00000273559,CWC25,-0.0254,0.42,7036,T-specific,4.41,0.444,0.1486,False,31,False,
ENSG00000014919,COX15,-0.0257,0.8767,7036,T-specific,14.366,0.555,0.4328,False,48,True,
ENSG00000109618,SEPSECS,-0.0261,0.9433,7036,T-specific,3.634,,0.0832,False,168,True,
ENSG00000112195,TREML2,-0.027,0.9433,7036,T-specific,7.505,,0.4969,False,74,False,
ENSG00000131153,GINS2,-0.0273,0.7233,7036,T-specific,4.924,0.775,0.2183,False,59,False,
ENSG00000100150,DEPDC5,-0.0274,0.9433,7036,T-specific,14.857,,0.8576,False,91,True,
ENSG00000125846,ZNF133,-0.0288,0.9567,7036,T-specific,6.683,,0.42,False,200,False,
ENSG00000140854,KATNB1,-0.0288,0.9767,7036,T-specific,5.194,0.337,0.1073,False,70,False,
ENSG00000124571,XPO5,-0.029,0.38,7036,T-specific,10.454,0.429,0.2542,False,164,False,
ENSG00000124193,SRSF6,-0.0293,0.44,7036,T-specific,3.907,0.392,0.106,False,175,True,
ENSG00000115073,ACTR1B,-0.0293,0.9333,7036,T-specific,15.028,0.517,0.3763,False,175,False,
ENSG00000144021,CIAO1,-0.0304,0.71,7036,T-specific,7.53,0.703,0.5,True,102,False,
ENSG00000132294,EFR3A,-0.031,0.9333,7036,T-specific,8.835,0.613,0.4904,False,219,True,
ENSG00000254772,EEF1G,-0.031,0.51,7036,T-specific,7.61,3.207,0.5104,True,61,False,
ENSG00000099821,POLRMT,-0.031,0.6,7036,T-specific,0.949,0.409,0.0073,False,212,True,
ENSG00000168137,SETD5,-0.0316,0.6833,7036,T-specific,5.625,0.717,0.2973,False,89,False,
ENSG00000029993,HMGB3,-0.0342,0.4033,7036,T-specific,2.865,0.914,0.0385,False,93,True,
ENSG00000163807,KIAA1143,-0.0342,0.93,7036,T-specific,13.85,0.486,0.3345,False,141,False,
ENSG00000213523,SRA1,-0.0345,0.5533,7036,T-specific,8.131,0.963,0.553,True,172,False,
ENSG00000066654,THUMPD1,-0.0351,0.9767,7036,T-specific,18.198,0.645,0.5243,True,19,False,
ENSG00000244038,DDOST,-0.0356,0.4967,7036,T-specific,3.323,1.016,0.0593,False,58,False,
ENSG00000132153,DHX30,-0.0359,1.0,7035,T-specific,9.893,0.236,0.0203,False,161,True,
ENSG00000136997,MYC,-0.0361,0.44,7036,T-specific,5.113,0.337,0.1085,False,86,True,
ENSG00000075415,SLC25A3,-0.0368,0.33,7036,T-specific,17.335,2.599,0.9002,True,45,False,
ENSG00000105700,KXD1,-0.0368,0.9333,7036,T-specific,17.748,1.015,0.774,True,82,False,
ENSG00000010072,SPRTN,-0.0374,0.4467,7036,T-specific,4.508,0.236,0.0192,False,93,False,
ENSG00000136492,BRIP1,-0.0374,0.42,7036,T-specific,1.71,0.502,0.0177,False,110,True,
ENSG00000273749,CYFIP1,-0.0389,0.88,7036,T-specific,6.976,0.839,0.4428,False,27,False,
ENSG00000101181,MTG2,-0.0397,0.36,7036,T-specific,2.591,0.442,0.0322,False,215,True,
ENSG00000125449,ARMC7,-0.0402,0.55,7036,T-specific,2.133,,0.0208,False,74,False,
ENSG00000082701,GSK3B,-0.0407,0.97,7036,T-specific,20.676,0.518,0.3785,False,95,False,
ENSG00000107290,SETX,-0.0434,0.3033,7036,T-specific,10.315,0.736,0.6102,True,123,False,
ENSG00000119787,ATL2,-0.0438,0.5367,7036,T-specific,9.627,0.299,0.0655,False,71,False,
ENSG00000132394,EEFSEC,-0.044,0.6167,7036,T-specific,5.609,0.348,0.1198,False,35,False,
ENSG00000198856,OSTC,-0.045,0.7933,7036,T-specific,18.029,1.248,0.8633,True,35,False,
ENSG00000078142,PIK3C3,-0.0455,0.7433,7036,T-specific,8.299,0.552,0.4282,False,72,False,
ENSG00000138095,LRPPRC,-0.0465,0.9467,7036,T-specific,20.348,0.956,0.7424,True,89,True,
ENSG00000141279,NPEPPS,-0.0466,0.3467,7036,T-specific,5.828,0.419,0.2407,False,161,True,
ENSG00000198793,MTOR,-0.0467,0.76,7036,T-specific,1.07,0.427,0.0083,False,102,False,
ENSG00000104835,SARS2,-0.049,0.9867,7036,T-specific,3.809,0.362,0.0925,False,109,True,
ENSG00000126749,EMG1,-0.0496,0.55,7036,T-specific,4.746,1.222,0.1944,False,7,True,
ENSG00000182872,RBM10,-0.0499,0.4,7036,T-specific,18.187,0.466,0.3062,False,136,True,
ENSG00000103187,COTL1,-0.05,0.5633,7036,T-specific,16.187,1.958,0.8784,True,117,False,
ENSG00000086827,ZW10,-0.0501,0.4367,7035,T-specific,6.05,0.516,0.3462,False,63,False,
ENSG00000124641,MED20,-0.0511,0.7433,7036,T-specific,6.556,,0.4033,False,29,False,
ENSG00000204220,PFDN6,-0.0515,0.6667,7036,T-specific,6.685,0.745,0.421,False,31,False,
ENSG00000138363,ATIC,-0.0523,0.8033,7036,T-specific,7.479,0.923,0.4948,False,86,True,
ENSG00000058063,ATP11B,-0.0535,0.8767,7036,T-specific,3.856,0.44,0.1019,False,128,False,
ENSG00000178966,RMI1,-0.0543,0.4567,7036,T-specific,6.281,0.472,0.3175,False,69,False,
ENSG00000153113,CAST,-0.0544,0.67,7036,T-specific,7.265,0.974,0.4771,False,56,False,
ENSG00000137955,RABGGTB,-0.0547,0.7133,7036,T-specific,7.749,0.731,0.5229,True,110,False,
ENSG00000154229,PRKCA,-0.0547,0.57,7036,T-specific,5.644,0.61,0.3004,False,116,False,
ENSG00000159210,SNF8,-0.055,0.7167,7036,T-specific,7.831,1.223,0.5301,True,155,False,
ENSG00000038358,EDC4,-0.0556,0.5767,7036,T-specific,7.606,0.36,0.1367,False,96,False,
ENSG00000158106,RHPN1,-0.0565,0.38,7036,T-specific,4.821,,0.2048,False,217,False,
ENSG00000099800,TIMM13,-0.0574,0.6533,7036,T-specific,6.126,1.487,0.3576,False,123,False,
ENSG00000064703,DDX20,-0.0591,0.8367,7036,T-specific,6.811,0.468,0.3107,False,44,False,
ENSG00000126561,STAT5A,-0.0592,0.86,7036,T-specific,11.269,,0.7495,False,95,True,
ENSG00000166965,RCCD1,-0.0594,0.65,7036,T-specific,9.352,0.365,0.148,False,100,False,
ENSG00000165644,COMTD1,-0.0598,0.9933,7036,T-specific,4.236,0.535,0.1331,False,142,False,
ENSG00000101544,ADNP2,-0.0612,0.5733,7036,T-specific,21.154,0.444,0.2723,False,25,True,
ENSG00000146282,RARS2,-0.0614,0.7,7036,T-specific,5.63,0.697,0.2994,False,135,False,
ENSG00000197912,SPG7,-0.0619,0.6,7036,T-specific,6.073,0.755,0.3503,False,126,False,
ENSG00000011523,CEP68,-0.0621,0.3833,7036,T-specific,8.407,,0.578,False,84,False,
ENSG00000179134,SAMD4B,-0.0638,0.3067,7036,T-specific,4.724,0.567,0.1892,False,88,True,
ENSG00000171862,PTEN,-0.0638,0.98,7036,T-specific,24.519,0.95,0.7367,True,206,True,
ENSG00000100883,SRP54,-0.0648,0.6633,7036,T-specific,9.125,0.993,0.6279,True,27,False,
ENSG00000167615,LENG8,-0.0662,0.4333,7036,T-specific,3.605,0.441,0.08,False,49,True,
ENSG00000089053,ANAPC5,-0.0663,0.8233,7036,T-specific,5.765,1.125,0.3108,False,40,False,
ENSG00000108561,C1QBP,-0.0678,0.7733,7036,T-specific,10.792,1.839,0.7256,True,22,False,
ENSG00000213066,CEP43,-0.068,0.64,7036,T-specific,6.724,0.429,0.2531,False,22,True,
ENSG00000091640,SPAG7,-0.07,0.8067,7036,T-specific,24.689,0.848,0.696,True,13,False,
ENSG00000135940,COX5B,-0.0723,0.42,7036,T-specific,7.025,1.602,0.4491,False,84,True,
ENSG00000006634,DBF4,-0.0757,0.98,7036,T-specific,8.295,0.624,0.4983,False,87,True,
ENSG00000103512,NOMO1,-0.0788,0.7233,7036,T-specific,7.512,,0.4979,False,69,False,
ENSG00000215712,TMEM242,-0.0792,0.6467,7036,T-specific,5.708,0.643,0.3035,False,610,False,
ENSG00000166197,NOLC1,-0.0796,0.89,7036,T-specific,8.408,0.997,0.579,True,39,False,
ENSG00000187531,SIRT7,-0.0817,0.9267,7036,T-specific,7.054,0.34,0.113,False,255,False,
ENSG00000182220,ATP6AP2,-0.084,0.6367,7036,T-specific,3.845,0.773,0.0988,False,283,False,
ENSG00000100445,SDR39U1,-0.0842,0.77,7036,T-specific,12.87,0.368,0.1559,False,13,False,
ENSG00000176087,SLC35A4,-0.0849,0.6933,7036,T-specific,32.479,0.412,0.2226,False,25,False,
ENSG00000117614,SYF2,-0.0866,0.8567,7036,T-specific,7.479,0.721,0.4938,False,66,False,
ENSG00000164754,RAD21,-0.089,0.74,7036,T-specific,7.937,0.989,0.5385,True,42,False,
ENSG00000145337,PYURF,-0.0916,0.6367,7036,T-specific,18.488,0.785,0.6531,True,15,False,
ENSG00000025770,NCAPH2,-0.0944,0.94,7036,T-specific,3.988,0.43,0.1123,False,64,False,
ENSG00000118263,KLF7,-0.1048,0.81,7036,T-specific,12.01,0.527,0.3887,False,48,False,
ENSG00000168827,GFM1,-0.1061,0.62,7035,T-specific,4.72,0.542,0.1881,False,1699,False,
ENSG00000131165,CHMP1A,-0.1074,0.5667,7036,T-specific,5.308,0.457,0.2557,False,20,True,
ENSG00000115216,NRBP1,-0.108,0.62,7036,T-specific,7.377,0.769,0.4834,False,158,True,
ENSG00000103152,MPG,-0.1137,0.7667,7036,T-specific,11.732,1.125,0.7651,True,39,True,
ENSG00000165526,RPUSD4,-0.1142,0.8333,7036,T-specific,5.9,0.384,0.174,False,66,False,
ENSG00000104866,PPP1R37,-0.1149,0.8833,7036,T-specific,6.173,0.336,0.1051,False,359,False,
ENSG00000167881,SRP68,-0.1179,0.9733,7036,T-specific,4.531,0.689,0.158,False,55,False,
ENSG00000162923,WDR26,-0.1186,0.8133,7036,T-specific,7.438,0.446,0.2757,False,51,False,
ENSG00000069248,NUP133,-0.1219,0.9967,7036,T-specific,2.136,0.415,0.0218,False,110,False,
ENSG00000147679,UTP23,-0.149,0.9433,7036,T-specific,3.857,0.492,0.1029,False,49,True,
ENSG00000100418,DESI1,-0.1592,0.7567,7036,T-specific,6.33,0.805,0.3805,False,32,True,
ENSG00000084693,AGBL5,-0.1608,0.8367,7036,T-specific,5.144,0.423,0.238,False,41,False,
ENSG00000141401,IMPA2,-0.1758,0.8,7036,T-specific,8.234,0.399,0.1944,False,41,False,
ENSG00000100564,PIGH,-0.1775,0.8533,7036,T-specific,4.894,0.261,0.026,False,41,True,
ENSG00000112658,SRF,-0.225,0.87,7036,T-specific,3.612,0.301,0.0678,False,95,False,
ENSG00000211456,SACM1L,-0.2666,0.9567,7036,T-specific,3.984,0.456,0.1112,False,71,True,
